id,name,email,gender,country,salary,deptno
1,Ezequiel,epeidro0@domainmarket.com,Male,Canada,3986,1
2,Heddi,hglas1@barnesandnoble.com,Female,United States,3282,2
3,Cyrill,crembrant2@yale.edu,Male,United States,4478,1
4,Ulrick,usimmell3@blogs.com,Male,United States,4004,2
5,Ernestine,ehofton4@ehow.com,Female,United States,4356,1
6,Val,vdutton5@odnoklassniki.ru,Male,United States,2964,3
7,Abbie,apunton6@msn.com,Male,United States,9797,2
8,Orel,obunyan7@tripadvisor.com,Female,United States,8166,1
9,Wally,wstihl8@over-blog.com,Female,Canada,8552,1
10,Cedric,ccrumpe9@nasa.gov,Male,United States,3573,4
11,Agna,abarcka@shareasale.com,Female,United States,4016,1
12,Gwenette,gkeaveb@cnet.com,Female,Canada,3955,1
13,Bee,bdakec@addthis.com,Female,Canada,2523,3
14,Orazio,oimlawd@mapy.cz,Male,United States,8733,1
15,Bronson,bhovingtone@patch.com,Male,United States,2482,3
16,Bentley,bpiersef@fda.gov,Male,United States,8900,1
17,Waverly,wsingyardg@gravatar.com,Male,United States,7014,1
18,Rabi,rhaburneh@cdc.gov,Male,United States,3410,4
19,Lesya,lantoszczyki@examiner.com,Female,Canada,8172,1
20,Cazzie,cdatej@pinterest.com,Male,United States,7887,4
21,Delbert,dwartonk@slideshare.net,Male,United States,3394,1
22,Trudie,tbyarsl@arstechnica.com,Female,Canada,9758,1
23,Fanni,fhemberm@wsj.com,Female,Canada,5999,4
24,Hilton,hrogern@flickr.com,Male,Canada,8188,3
25,Teddy,tclinnicko@altervista.org,Male,United States,3024,1
26,Faber,fpowderp@bloglines.com,Male,United States,5401,3
27,Luciana,lcrisallq@reuters.com,Female,United States,4373,3
28,Orsa,omatoninr@mit.edu,Female,United States,5841,3
29,Myrtie,mpierris@nih.gov,Female,United States,9433,2
30,Marve,mmacscheriet@creativecommons.org,Male,United States,7524,2
31,Cos,ccaygillu@techcrunch.com,Male,United States,5399,1
32,Cristal,cpachev@themeforest.net,Female,Canada,8609,2
33,Myrna,mgawkrogew@imdb.com,Female,United States,4766,4
34,Leora,lblemenx@ifeng.com,Female,Canada,4532,4
35,Damita,dalasdairy@exblog.jp,Female,Canada,2541,1
36,Salli,skivellez@reuters.com,Female,Canada,2897,3
37,Whittaker,wprevett10@arstechnica.com,Male,United States,7704,3
38,Iona,ireggio11@networksolutions.com,Female,United States,5608,4
39,Henri,hspeek12@macromedia.com,Male,United States,5635,2
40,Imogene,imannion13@exblog.jp,Female,Canada,4871,1
41,Bronson,bplester14@hibu.com,Male,United States,9368,1
42,Jamesy,jlorens15@dropbox.com,Male,Canada,7110,2
43,Cornelia,clansdown16@latimes.com,Female,United States,3093,1
44,Case,cdennitts17@technorati.com,Male,United States,8815,2
45,Justis,jabden18@bbc.co.uk,Male,United States,4894,3
46,Micky,mwarrillow19@samsung.com,Female,United States,8046,1
47,Dore,dcruxton1a@hubpages.com,Male,United States,3276,1
48,Amandie,akelly1b@feedburner.com,Female,United States,4581,1
49,Larissa,lgiannasi1c@newsvine.com,Female,Canada,6862,4
50,Alma,arickert1d@dedecms.com,Female,United States,4593,3
51,Filippa,fmalone1e@fotki.com,Female,Canada,2428,1
52,Loren,ldurie1f@icq.com,Female,Canada,6405,1
53,Leonid,lcardew1g@columbia.edu,Male,United States,3795,1
54,Kalila,kgillies1h@blogger.com,Female,United States,4013,4
55,Catrina,cdanbye1i@canalblog.com,Female,United States,2755,4
56,Erika,emerryman1j@a8.net,Female,Canada,8469,1
57,Missy,mforst1k@bbc.co.uk,Female,United States,8025,2
58,Chelsy,cjelleman1l@hao123.com,Female,United States,8603,1
59,Konrad,kpenny1m@harvard.edu,Male,United States,4087,4
60,Carine,cansett1n@wired.com,Female,United States,5219,3
61,Wiley,waveline1o@whitehouse.gov,Male,Canada,9739,3
62,Lydia,lmaletratt1p@ucoz.com,Female,Canada,5828,1
63,Ingrim,igoodanew1q@opensource.org,Male,Canada,5737,2
64,Rhetta,rjiggen1r@fotki.com,Female,United States,3738,1
65,Dan,ddacca1s@amazon.co.jp,Male,United States,8159,1
66,Wallache,wrengger1t@harvard.edu,Male,United States,4139,2
67,Libbey,liglesiaz1u@jalbum.net,Female,United States,7414,3
68,Ellissa,enesbeth1v@ihg.com,Female,United States,6582,1
69,Thibaut,trosindill1w@ebay.com,Male,Canada,3465,1
70,Alameda,aarons1x@ning.com,Female,Canada,4898,3
71,Dante,dsunderland1y@chron.com,Male,United States,2455,2
72,Esme,ewinsbury1z@mtv.com,Male,United States,9307,2
73,Ottilie,omanie20@oakley.com,Female,Canada,9533,3
74,Haley,hbakhrushkin21@drupal.org,Male,Canada,7389,1
75,Axe,akerbey22@businesswire.com,Male,United States,7439,1
76,Isaiah,ileynham23@telegraph.co.uk,Male,United States,2750,3
77,Callida,cescudier24@nydailynews.com,Female,Canada,5516,3
78,Basil,bcharles25@whitehouse.gov,Male,United States,3796,4
79,Darwin,dbartosch26@umn.edu,Male,United States,8576,2
80,Rochester,rjenks27@hc360.com,Male,United States,5967,3
81,Wyatt,wtaye28@google.ca,Male,Canada,2212,1
82,Giff,gbampkin29@1und1.de,Male,Canada,2359,1
83,Odelia,oalcock2a@example.com,Female,United States,7595,1
84,Ailbert,ajuliano2b@deliciousdays.com,Male,Canada,4185,2
85,Kin,kcorneljes2c@blogger.com,Male,Canada,2237,2
86,Opaline,olennon2d@spiegel.de,Female,United States,3805,1
87,Anne-corinne,acolbert2e@nps.gov,Female,United States,7752,3
88,Guilbert,gohengerty2f@sphinn.com,Male,Canada,7329,1
89,Edwina,elintall2g@utexas.edu,Female,United States,7011,4
90,Willamina,wcanto2h@icio.us,Female,United States,4068,4
91,Hillyer,hredholes2i@mac.com,Male,United States,2993,4
92,Dickie,dtarbox2j@statcounter.com,Male,United States,2088,1
93,Sharona,spyper2k@businesswire.com,Female,Canada,7860,1
94,Theo,tstafford2l@marriott.com,Female,United States,8172,4
95,Consuela,csloley2m@over-blog.com,Female,United States,8132,4
96,Harli,hprest2n@elpais.com,Female,United States,5113,4
97,Kata,kpattemore2o@histats.com,Female,United States,2423,1
98,Kamila,khambelton2p@ocn.ne.jp,Female,United States,9061,2
99,Kaylyn,kwrankling2q@cornell.edu,Female,United States,7872,2
100,Conchita,ccardew2r@netlog.com,Female,United States,6904,1
101,Rufus,rpepler2s@vkontakte.ru,Male,United States,9836,3
102,Moyra,mgaratty2t@bbc.co.uk,Female,United States,5462,2
103,Elroy,emeneer2u@chicagotribune.com,Male,Canada,6654,1
104,Tonya,tmathissen2v@gnu.org,Female,United States,4213,1
105,Connie,cblaxter2w@creativecommons.org,Female,United States,7355,3
106,Marv,mdavidof2x@spotify.com,Male,Canada,2087,3
107,Saudra,sspataro2y@youku.com,Female,United States,8505,1
108,Noll,ngoldie2z@nsw.gov.au,Male,United States,9641,4
109,Humfried,hkershow30@trellian.com,Male,United States,2282,3
110,Zollie,zfrill31@infoseek.co.jp,Male,Canada,2464,2
111,Prudi,pralph32@ox.ac.uk,Female,United States,3716,4
112,Rubin,rcoolican33@comcast.net,Male,Canada,9782,4
113,Tuck,tblanko34@angelfire.com,Male,United States,7377,1
114,Margi,mwoodhams35@sakura.ne.jp,Female,United States,7493,1
115,Kevina,kluberto36@free.fr,Female,Canada,5976,4
116,Ruggiero,rloosely37@usa.gov,Male,Canada,2056,4
117,Henri,hballefant38@guardian.co.uk,Male,Canada,5397,3
118,Britteny,barmitage39@quantcast.com,Female,Canada,4748,2
119,Lynnea,lsextie3a@narod.ru,Female,United States,7812,3
120,Abey,asomersett3b@tinypic.com,Male,Canada,7561,1
121,Rossie,rmechan3c@usgs.gov,Male,United States,9082,2
122,Charyl,ctaberner3d@bbc.co.uk,Female,United States,2411,2
123,Geoffry,gstoneley3e@nasa.gov,Male,United States,2095,3
124,Hermina,hmcnellis3f@phpbb.com,Female,United States,4531,2
125,Wade,wcrossgrove3g@flavors.me,Male,United States,5569,3
126,Riobard,rmabey3h@nih.gov,Male,Canada,9154,1
127,Pierrette,pfrontczak3i@salon.com,Female,United States,2093,4
128,Rodrick,rlowbridge3j@sbwire.com,Male,United States,7062,3
129,Nicolette,nhune3k@dedecms.com,Female,United States,4309,3
130,Rey,rmoorerud3l@oaic.gov.au,Female,United States,2858,3
131,Valry,vmassenhove3m@howstuffworks.com,Female,Canada,4557,1
132,Ofelia,oscardifield3n@admin.ch,Female,United States,9020,2
133,Ammamaria,aphilippe3o@bizjournals.com,Female,Canada,9587,3
134,Ephraim,emarkson3p@mit.edu,Male,United States,4231,2
135,Carie,cclaessens3q@thetimes.co.uk,Female,Canada,9257,4
136,Fianna,fpesselt3r@ocn.ne.jp,Female,Canada,6691,1
137,Leoine,lvipan3s@drupal.org,Female,Canada,4550,4
138,Claretta,chessay3t@rakuten.co.jp,Female,United States,6289,1
139,Joaquin,jmonks3u@skyrock.com,Male,United States,2318,3
140,Fonzie,flickess3v@godaddy.com,Male,United States,2676,1
141,Brear,blakeland3w@sakura.ne.jp,Female,Canada,5286,2
142,Care,ctoffel3x@rediff.com,Male,Canada,7702,2
143,Paulie,pcousans3y@studiopress.com,Female,Canada,5943,4
144,Ches,cfifoot3z@mozilla.org,Male,Canada,7381,2
145,Titos,tbonwell40@businessinsider.com,Male,United States,3183,3
146,Marlie,mtybalt41@army.mil,Female,United States,8403,4
147,Hetti,hreaditt42@economist.com,Female,Canada,4650,4
148,Matthias,mlebatteur43@examiner.com,Male,United States,8392,3
149,Pall,pvigus44@pagesperso-orange.fr,Male,Canada,5618,1
150,Forster,fwhicher45@posterous.com,Male,United States,7175,4
151,Janie,jchurches46@msu.edu,Female,United States,2426,2
152,Bamby,bblunt47@hp.com,Female,United States,9232,4
153,Harley,hfoukx48@delicious.com,Female,United States,7586,4
154,Constantine,cdraayer49@msn.com,Female,United States,6330,1
155,Garek,gbeidebeke4a@artisteer.com,Male,United States,5676,2
156,Jude,jcheake4b@arstechnica.com,Male,United States,4100,2
157,Leon,lsimanenko4c@theglobeandmail.com,Male,United States,6674,2
158,Sergeant,sremnant4d@senate.gov,Male,United States,5530,4
159,Portie,phardi4e@parallels.com,Male,Canada,6744,2
160,Dorri,dpreece4f@pcworld.com,Female,United States,5281,1
161,Gayelord,gduffrie4g@admin.ch,Male,Canada,4907,2
162,Preston,pfeldheim4h@goodreads.com,Male,United States,4601,4
163,Blaine,basmus4i@ftc.gov,Male,United States,4081,3
164,Heindrick,hpusey4j@cocolog-nifty.com,Male,United States,8174,4
165,Alexander,akenningley4k@ycombinator.com,Male,Canada,5118,2
166,Kalil,kmenilove4l@alibaba.com,Male,United States,9500,3
167,Karalee,kalden4m@etsy.com,Female,United States,3324,1
168,Roarke,rcubin4n@mashable.com,Male,United States,8778,1
169,Halie,hfratczak4o@t-online.de,Female,Canada,9460,2
170,Jessie,jandresen4p@time.com,Female,United States,5021,1
171,Thomas,twhibley4q@posterous.com,Male,United States,4338,1
172,Merridie,mgwillim4r@paypal.com,Female,United States,5197,1
173,Portia,pmcauslene4s@slate.com,Female,United States,5859,1
174,Selby,staye4t@is.gd,Male,United States,7250,1
175,Travis,taitken4u@acquirethisname.com,Male,United States,9551,3
176,Ellery,emcgovern4v@miibeian.gov.cn,Male,United States,5681,3
177,Gussie,gswadon4w@wix.com,Female,Canada,7412,1
178,Chevalier,cgonnelly4x@github.com,Male,Canada,5587,2
179,Jordain,jcinelli4y@uiuc.edu,Female,United States,6311,4
180,Dilly,dsandcroft4z@gmpg.org,Male,Canada,6433,4
181,Elsworth,efassam50@is.gd,Male,Canada,3989,4
182,Trenna,tsharpus51@xing.com,Female,United States,6481,2
183,Meris,mcammack52@reverbnation.com,Female,Canada,3512,4
184,Gray,govendale53@i2i.jp,Male,Canada,9291,4
185,April,aserjeantson54@cyberchimps.com,Female,United States,3459,1
186,Thomasine,taustick55@unesco.org,Female,United States,7930,2
187,Bondon,boldfield56@google.pl,Male,United States,5237,1
188,Nikkie,nschutte57@blogspot.com,Female,Canada,3635,4
189,Marianna,mstut58@omniture.com,Female,United States,5360,2
190,Arabele,atreagust59@statcounter.com,Female,United States,4710,2
191,Kane,kdelepine5a@last.fm,Male,United States,9652,3
192,Abbot,aduligal5b@theatlantic.com,Male,United States,3745,4
193,Brion,bbearcroft5c@reverbnation.com,Male,Canada,3429,1
194,Cecil,ccogger5d@chicagotribune.com,Female,United States,5604,1
195,Bax,bsimnett5e@ameblo.jp,Male,Canada,9839,3
196,Konstance,kscargle5f@examiner.com,Female,United States,8570,4
197,Marcy,mgirkins5g@php.net,Female,United States,8625,2
198,Matthias,mhawker5h@instagram.com,Male,Canada,9279,1
199,Christyna,cgalliver5i@purevolume.com,Female,United States,6326,3
200,Giacopo,ghatherley5j@dedecms.com,Male,United States,2219,2
201,Bethanne,bchadband5k@techcrunch.com,Female,United States,7914,3
202,Flory,fguerrier5l@sciencedaily.com,Male,Canada,6381,4
203,Amory,akordova5m@techcrunch.com,Male,Canada,4888,2
204,Kort,kmegany5n@time.com,Male,United States,2789,2
205,Isidore,iparrin5o@amazon.co.uk,Male,United States,4713,1
206,Cherlyn,cmilam5p@tinypic.com,Female,Canada,6010,4
207,Gusty,gbedow5q@imgur.com,Female,United States,7614,1
208,Ximenes,xruppert5r@sakura.ne.jp,Male,Canada,5439,3
209,Berny,bwinear5s@so-net.ne.jp,Female,United States,7445,1
210,Marlene,mmottershead5t@odnoklassniki.ru,Female,Canada,5447,2
211,Conny,candrea5u@themeforest.net,Male,United States,6391,3
212,Umeko,udymond5v@123-reg.co.uk,Female,Canada,2129,3
213,Even,emcmanamon5w@intel.com,Male,United States,2939,1
214,Fiann,fporker5x@wunderground.com,Female,Canada,2484,4
215,Meridith,mespinos5y@ovh.net,Female,United States,2291,2
216,Seymour,skirmond5z@harvard.edu,Male,United States,8066,3
217,Latia,lrooney60@wikispaces.com,Female,United States,3160,1
218,Abrahan,apinar61@illinois.edu,Male,United States,7353,1
219,Joane,jalentyev62@mozilla.org,Female,United States,7622,3
220,Carlee,cdantesia63@apple.com,Female,United States,9360,2
221,Aime,asillett64@tinypic.com,Female,Canada,7100,3
222,Louis,lplampeyn65@sohu.com,Male,Canada,5990,1
223,Eirena,epetzolt66@harvard.edu,Female,United States,4482,3
224,Pru,pkrabbe67@mashable.com,Female,United States,2395,1
225,Yul,ycoit68@ifeng.com,Male,Canada,4989,4
226,Cherrita,cglasard69@pagesperso-orange.fr,Female,United States,9015,4
227,Margo,mhowson6a@ucla.edu,Female,United States,9520,1
228,Pearl,pmccritichie6b@pagesperso-orange.fr,Female,United States,2616,4
229,Cherilyn,ctreamayne6c@vimeo.com,Female,United States,2125,1
230,Rae,rskrzynski6d@uiuc.edu,Female,United States,2339,1
231,Davy,dvala6e@buzzfeed.com,Male,Canada,8138,4
232,Errol,ebloys6f@cnet.com,Male,Canada,9114,3
233,Karlee,kbrunsden6g@jalbum.net,Female,Canada,3800,1
234,Lou,lpevreal6h@disqus.com,Female,United States,5421,2
235,Chrystel,cbegin6i@ebay.co.uk,Female,United States,5940,1
236,Tamra,trosenstiel6j@wsj.com,Female,United States,2128,1
237,Yardley,ymulford6k@oracle.com,Male,United States,9804,2
238,Dev,dspadeck6l@mayoclinic.com,Male,United States,2995,4
239,Rycca,rmacura6m@discovery.com,Female,Canada,4144,4
240,Lars,lleithharvey6n@wordpress.org,Male,United States,9916,4
241,Miller,msulley6o@wired.com,Male,United States,7169,4
242,Perice,plinggard6p@google.com.br,Male,Canada,6582,3
243,Anna-diana,ahuxtable6q@netvibes.com,Female,United States,6529,4
244,Josi,jexell6r@gov.uk,Female,Canada,9395,4
245,Julina,jchance6s@amazon.de,Female,United States,6701,3
246,Dov,dgoold6t@ovh.net,Male,Canada,8398,2
247,Kathryne,kmullins6u@kickstarter.com,Female,United States,9191,1
248,Grethel,ghammatt6v@networksolutions.com,Female,United States,8485,3
249,Rosaleen,rbeall6w@rediff.com,Female,United States,4234,3
250,Inessa,iklemps6x@meetup.com,Female,United States,9571,1
251,Bell,bponnsett6y@reddit.com,Female,United States,5472,3
252,Shirl,sfretson6z@archive.org,Female,Canada,3976,1
253,Alecia,aisherwood70@fotki.com,Female,United States,4730,4
254,Regan,ralbarez71@arizona.edu,Female,United States,3805,3
255,Clayborn,cbreeton72@sfgate.com,Male,United States,4186,2
256,Hashim,hbickerdyke73@blinklist.com,Male,United States,5256,4
257,Angel,akopfer74@yahoo.com,Female,United States,2077,2
258,Timi,tmcmurthy75@example.com,Female,United States,4578,2
259,Fanchette,flilliman76@cpanel.net,Female,Canada,4800,1
260,Heinrik,hfranceschelli77@webeden.co.uk,Male,United States,4390,4
261,Lindsey,lfrancklin78@imdb.com,Male,United States,7747,2
262,Odie,omasserel79@privacy.gov.au,Male,United States,3233,2
263,Bay,boldland7a@ucla.edu,Male,Canada,2660,3
264,Reinald,ranchor7b@vinaora.com,Male,United States,9029,3
265,Ivar,iyantsurev7c@usgs.gov,Male,United States,8366,1
266,Lauraine,lgilcrist7d@ycombinator.com,Female,United States,3843,3
267,Huntley,hinskipp7e@sogou.com,Male,Canada,2591,3
268,Graeme,glaurencot7f@webs.com,Male,United States,4280,3
269,Christal,cocloney7g@domainmarket.com,Female,Canada,6364,2
270,Kippar,kcorse7h@mail.ru,Male,United States,4414,2
271,Grange,gcoote7i@purevolume.com,Male,Canada,4166,4
272,Westbrook,wguillerman7j@cnbc.com,Male,Canada,4247,4
273,Earl,etolerton7k@sfgate.com,Male,United States,7202,2
274,Saunder,skeedy7l@wordpress.com,Male,Canada,2517,4
275,Ede,ekatz7m@state.tx.us,Female,United States,7161,1
276,Araldo,agibbonson7n@rambler.ru,Male,United States,6310,2
277,Patsy,pgoodger7o@amazon.com,Male,Canada,2396,2
278,Cash,cwaker7p@hostgator.com,Male,United States,5830,3
279,Dennie,dfirmin7q@wikimedia.org,Female,United States,6974,1
280,Dyann,dleal7r@delicious.com,Female,United States,8176,2
281,Jamie,jnorthage7s@squarespace.com,Male,United States,8171,2
282,Norina,nberryman7t@php.net,Female,United States,6970,3
283,Kip,kkilalea7u@wikipedia.org,Female,Canada,9359,1
284,Maddy,mrennicks7v@devhub.com,Female,United States,4276,3
285,Alejandra,akloser7w@ucla.edu,Female,Canada,6828,3
286,Rubina,rmepsted7x@typepad.com,Female,United States,3904,1
287,Derry,dresun7y@quantcast.com,Male,United States,7619,1
288,Oralie,ogeale7z@cloudflare.com,Female,United States,9366,4
289,Guthry,gkinleyside80@ovh.net,Male,United States,3194,4
290,Daisy,dskeeles81@ameblo.jp,Female,United States,9581,2
291,Cilka,cborman82@sohu.com,Female,Canada,5338,1
292,Garvey,gbygate83@mozilla.org,Male,United States,2553,2
293,Bibbie,bpullin84@hubpages.com,Female,United States,5849,2
294,Sibbie,sstihl85@nba.com,Female,Canada,5894,2
295,Kimmie,ktammadge86@webnode.com,Female,Canada,2640,1
296,Kailey,klindl87@elegantthemes.com,Female,United States,2212,3
297,Kary,kboeter88@sourceforge.net,Female,Canada,5966,3
298,Preston,pgreeno89@ebay.com,Male,Canada,9061,4
299,Cassaundra,cducarme8a@adobe.com,Female,United States,7584,2
300,Rickey,rluesley8b@constantcontact.com,Male,United States,6417,2
301,Cori,crichardet8c@moonfruit.com,Female,Canada,9676,4
302,Chloette,czapater8d@bizjournals.com,Female,United States,4287,2
303,Pietrek,parmfield8e@parallels.com,Male,United States,5895,4
304,Steven,sspohrmann8f@xing.com,Male,United States,3626,3
305,Udall,ushoppee8g@yellowbook.com,Male,United States,9350,2
306,Christiano,clewson8h@clickbank.net,Male,Canada,6221,4
307,Barnabas,bbleything8i@webs.com,Male,United States,9841,4
308,Sybyl,sdoyland8j@drupal.org,Female,Canada,4541,3
309,Stanleigh,syeliashev8k@npr.org,Male,United States,3216,1
310,Ardyce,apullin8l@boston.com,Female,United States,7913,4
311,Hubert,hing8m@narod.ru,Male,United States,7215,4
312,Kiah,ksinclair8n@scientificamerican.com,Female,United States,6077,2
313,Leela,lemloch8o@hibu.com,Female,United States,5798,4
314,Lindsay,llawlance8p@geocities.com,Male,Canada,2840,3
315,Tris,tstansall8q@homestead.com,Male,Canada,7729,4
316,Tudor,twince8r@merriam-webster.com,Male,Canada,2368,1
317,Perice,pdinisco8s@marketwatch.com,Male,United States,8316,4
318,Goddart,gfechnie8t@barnesandnoble.com,Male,United States,5825,2
319,Shannen,sventura8u@nhs.uk,Female,United States,6480,3
320,Kain,kdoiley8v@telegraph.co.uk,Male,United States,8918,1
321,Lorenzo,liacoviello8w@ebay.co.uk,Male,Canada,5926,2
322,Marv,mworton8x@yellowpages.com,Male,United States,8815,2
323,Joshua,jblackham8y@ucsd.edu,Male,United States,4289,4
324,Valerie,vperutto8z@freewebs.com,Female,United States,4890,3
325,Dion,dgwatkins90@ihg.com,Male,United States,9710,1
326,Dev,dpedroli91@mashable.com,Male,United States,5108,2
327,Cherice,cfairney92@t-online.de,Female,United States,9769,4
328,Marta,mlogg93@typepad.com,Female,Canada,8469,2
329,Leupold,ldowning94@irs.gov,Male,United States,5136,2
330,Silvan,smusgrave95@house.gov,Male,United States,7098,1
331,Garnette,gwales96@abc.net.au,Female,United States,9901,1
332,Pammie,psherrin97@barnesandnoble.com,Female,United States,5093,4
333,Dru,delcott98@yale.edu,Female,United States,4104,4
334,Noell,nkaret99@accuweather.com,Female,United States,5382,4
335,Putnam,pcarriage9a@prweb.com,Male,United States,6836,1
336,Grissel,gasmus9b@newyorker.com,Female,United States,3478,4
337,Nevins,nwhiles9c@google.com,Male,United States,8569,4
338,Charmian,csillars9d@t.co,Female,Canada,3465,2
339,Billy,bmcdoual9e@naver.com,Male,Canada,5672,4
340,Lynnell,lmellenby9f@technorati.com,Female,United States,4499,3
341,Kendall,kmellish9g@tripadvisor.com,Male,United States,3325,2
342,Ottilie,osaura9h@examiner.com,Female,United States,8035,3
343,Court,cfullard9i@pinterest.com,Male,United States,7069,1
344,Edythe,erasp9j@vk.com,Female,Canada,4289,1
345,Licha,lohickee9k@zimbio.com,Female,Canada,5735,1
346,Delila,dpetrelli9l@netlog.com,Female,United States,5612,1
347,Sasha,scoltart9m@smh.com.au,Male,United States,9353,4
348,Fabe,fbarents9n@hp.com,Male,Canada,4143,2
349,Jarad,jhember9o@phpbb.com,Male,United States,4537,2
350,Calla,cbrophy9p@trellian.com,Female,United States,3634,4
351,Selie,sfarndon9q@phpbb.com,Female,United States,5958,1
352,Jonathon,jverheyden9r@mediafire.com,Male,United States,6429,1
353,Ofelia,ohardington9s@wikipedia.org,Female,Canada,4839,4
354,Rad,rsuddaby9t@sphinn.com,Male,United States,2879,1
355,Darelle,dprickett9u@wikipedia.org,Female,Canada,6218,3
356,Duffy,dmorrell9v@example.com,Male,United States,9052,1
357,Silvain,sbanaszkiewicz9w@yale.edu,Male,United States,8349,3
358,Si,srosoni9x@chronoengine.com,Male,United States,4778,1
359,Gunther,ggocher9y@wikimedia.org,Male,United States,5888,3
360,Loralyn,lpeggs9z@usda.gov,Female,Canada,5009,4
361,Shelba,searlya0@blogtalkradio.com,Female,United States,2796,1
362,Lorinda,lmcilwraitha1@auda.org.au,Female,United States,8474,4
363,Wynnie,wbourgoura2@mail.ru,Female,United States,9857,1
364,Roderic,rpregala3@yellowpages.com,Male,Canada,8661,3
365,Colan,cnurnya4@java.com,Male,United States,4093,2
366,Calla,cpeadena5@google.cn,Female,United States,2647,2
367,Hersch,hwessinga6@cmu.edu,Male,United States,6848,3
368,Marlo,mkestella7@ow.ly,Female,United States,9200,2
369,Wallache,wgadneya8@icq.com,Male,Canada,2284,4
370,Shelagh,swintertona9@domainmarket.com,Female,Canada,2989,4
371,Kristen,krobbieaa@deviantart.com,Female,Canada,2020,1
372,Maynard,mfiddymontab@angelfire.com,Male,Canada,9157,4
373,Ronnica,rtrueac@google.nl,Female,Canada,7886,4
374,Pammie,pyurevichad@flickr.com,Female,United States,5551,3
375,Emmaline,enelae@hostgator.com,Female,United States,3249,4
376,Kendre,kmawdittaf@reference.com,Female,Canada,7155,4
377,Gail,gcokayneag@yelp.com,Male,United States,4969,4
378,Emelen,eemblingah@amazon.de,Male,United States,7934,4
379,Herc,hantonssonai@sourceforge.net,Male,Canada,4033,4
380,Bessie,bskunesaj@ow.ly,Female,United States,4781,3
381,Jan,jwaythingak@usda.gov,Female,United States,8292,2
382,Godwin,gdawesal@census.gov,Male,United States,7263,2
383,Merle,malkeram@infoseek.co.jp,Female,Canada,4353,2
384,Timotheus,ttimperleyan@reference.com,Male,Canada,6002,2
385,Federica,fkellerao@psu.edu,Female,United States,6056,2
386,Sandor,sfreathyap@fotki.com,Male,Canada,9584,1
387,Melvin,mbauckhamaq@mtv.com,Male,United States,6859,4
388,Wait,wdoylandar@networkadvertising.org,Male,United States,5384,4
389,Krysta,kklosseras@apple.com,Female,Canada,3370,4
390,Randie,rstrotonat@businessweek.com,Male,United States,2910,4
391,Araldo,asteerau@guardian.co.uk,Male,United States,9578,3
392,Dulciana,dcramav@cloudflare.com,Female,Canada,2882,3
393,Ambur,ameekinaw@canalblog.com,Female,Canada,9794,3
394,Kirbee,ksharvilleax@meetup.com,Female,United States,4122,4
395,Laural,layscoughay@bloglovin.com,Female,United States,2905,1
396,Justin,jtabrettaz@odnoklassniki.ru,Male,United States,4089,1
397,Lock,lconrartb0@purevolume.com,Male,United States,8754,2
398,Eddie,eshekleb1@cornell.edu,Male,United States,5954,2
399,Nick,nlacroceb2@msn.com,Male,United States,5889,3
400,Wash,wworhamb3@storify.com,Male,Canada,5626,3
401,Dalt,dpericob4@clickbank.net,Male,United States,2392,3
402,Carmon,cgauntlettb5@usda.gov,Female,United States,2370,2
403,Sven,smartynkab6@europa.eu,Male,United States,4684,2
404,Wayne,wdodmanb7@paypal.com,Male,United States,4182,4
405,Dmitri,dglascottb8@facebook.com,Male,United States,7110,4
406,Chet,cdaubyb9@shareasale.com,Male,United States,5227,3
407,Carry,cbakewellba@army.mil,Female,United States,8763,3
408,Ilene,iduchasteaubb@tuttocitta.it,Female,United States,6550,1
409,Leann,lbunneybc@sogou.com,Female,Canada,7140,4
410,Kendre,kbollenbd@g.co,Female,Canada,9870,1
411,Freedman,fraglessbe@comsenz.com,Male,Canada,6024,3
412,Cordie,cblaydonbf@networksolutions.com,Male,United States,5702,2
413,Anni,aboyingtonbg@wisc.edu,Female,United States,6618,1
414,Benjie,brougierbh@disqus.com,Male,United States,7692,2
415,Rolando,rcantybi@go.com,Male,United States,7776,4
416,Robers,rwakesbj@nps.gov,Male,United States,5283,2
417,Jeanie,jironbk@google.com.br,Female,United States,2864,4
418,Ulysses,ulonghornebl@goo.ne.jp,Male,United States,2857,2
419,Kristopher,kyongebm@wikipedia.org,Male,Canada,2562,3
420,Avrit,adanilinbn@illinois.edu,Female,Canada,9202,1
421,Hali,hpauleaubo@about.com,Female,United States,5873,1
422,Bennett,bmarvalbp@accuweather.com,Male,Canada,2123,3
423,Emelen,etwohigbq@hibu.com,Male,United States,6847,3
424,Lou,lpenningtonbr@linkedin.com,Male,United States,2639,4
425,Leontyne,lcannicottbs@quantcast.com,Female,Canada,6300,4
426,Dalt,ddreinanbt@biblegateway.com,Male,United States,5621,3
427,Caryl,cbumfordbu@uol.com.br,Male,United States,9420,3
428,Marla,maumerlebv@squidoo.com,Female,Canada,6789,3
429,Xylia,xsilberschatzbw@csmonitor.com,Female,United States,3378,3
430,Tamarra,tlowesbx@tinyurl.com,Female,United States,3324,4
431,Waring,wtolussiby@merriam-webster.com,Male,Canada,4391,4
432,Orson,ochestonbz@infoseek.co.jp,Male,United States,8671,2
433,Anatol,agiorgioc0@wufoo.com,Male,Canada,3114,4
434,Elias,eblodgettc1@tumblr.com,Male,United States,3013,1
435,Sydel,sgrinstonc2@rambler.ru,Female,Canada,5983,1
436,Katherina,kcrawc3@furl.net,Female,United States,4782,4
437,Hardy,hfeasbyc4@time.com,Male,Canada,2748,1
438,Jeannie,jtourniec5@google.com.br,Female,Canada,4530,4
439,Jacklin,jmowsleyc6@whitehouse.gov,Female,Canada,5926,2
440,Philippe,psongestc7@a8.net,Female,United States,8098,4
441,Rycca,rkeric8@liveinternet.ru,Female,United States,2296,3
442,Berkeley,bcrosfeldc9@github.io,Male,United States,6064,4
443,Der,dvenningca@smugmug.com,Male,United States,8045,2
444,Haroun,hwildtcb@flavors.me,Male,United States,9432,4
445,Alexandre,amalshingercc@ovh.net,Male,United States,7114,1
446,Odelle,osterzakercd@dagondesign.com,Female,United States,4615,1
447,Nap,nfarndonce@upenn.edu,Male,Canada,2511,2
448,Bidget,barnasoncf@cloudflare.com,Female,United States,3358,1
449,Brittaney,bfisbeycg@mail.ru,Female,United States,9150,4
450,Vivienne,vaspraych@reference.com,Female,United States,6574,4
451,Krista,khagardci@squidoo.com,Female,United States,7246,2
452,Abbey,adungecj@go.com,Male,United States,5281,2
453,Vassily,vgeddesck@forbes.com,Male,United States,8846,3
454,Joshia,jmalkincl@etsy.com,Male,United States,9960,2
455,Tyson,tgillcristcm@harvard.edu,Male,Canada,5406,1
456,Codie,cgeelancn@who.int,Male,United States,8229,3
457,Daren,dstevenco@moonfruit.com,Male,Canada,4528,1
458,Sigmund,ssawleycp@skype.com,Male,United States,5774,2
459,Gery,gseagercq@facebook.com,Male,United States,6930,4
460,Lonnie,lkarpfcr@economist.com,Male,United States,6515,4
461,Bennie,bcaproncs@cdbaby.com,Male,United States,3639,4
462,Charlena,cnalderct@etsy.com,Female,United States,7117,2
463,Jobi,jfurycu@altervista.org,Female,United States,4948,1
464,Roxana,ryearncv@hp.com,Female,Canada,7440,1
465,Darell,dbaudincw@etsy.com,Female,Canada,5788,4
466,Orton,otoghercx@tinypic.com,Male,Canada,5937,1
467,Winn,wmiltoncy@blog.com,Male,United States,2050,4
468,Charleen,cquyecz@businessweek.com,Female,Canada,7574,3
469,Graeme,ggorringed0@is.gd,Male,United States,5504,4
470,Francis,fworsnopd1@constantcontact.com,Male,Canada,9328,2
471,Richart,rcastellettod2@acquirethisname.com,Male,United States,3207,2
472,Huntley,hcreasyd3@slideshare.net,Male,Canada,4833,1
473,Henderson,hkubalekd4@networksolutions.com,Male,Canada,2799,3
474,Nate,ngilstound5@umn.edu,Male,United States,6232,1
475,Neville,nwharfd6@mayoclinic.com,Male,United States,3968,3
476,Danice,dveartd7@bandcamp.com,Female,United States,8652,3
477,Stanwood,scecchid8@feedburner.com,Male,Canada,3689,1
478,Hestia,hpoord9@bbb.org,Female,Canada,4203,4
479,Helene,hbransbyda@privacy.gov.au,Female,United States,4425,4
480,Gerri,gwalshamdb@mtv.com,Male,United States,3612,3
481,Ches,chousegodc@thetimes.co.uk,Male,United States,4254,4
482,Jacinta,jfranssenidd@rambler.ru,Female,United States,6327,4
483,Ryun,rkipplingde@digg.com,Male,United States,2438,1
484,Thomasina,tskillmandf@psu.edu,Female,United States,9261,4
485,Mason,mrossanderdg@netlog.com,Male,United States,2725,4
486,Trudey,tgoulborndh@house.gov,Female,United States,9286,3
487,Ethelda,estumpdi@shop-pro.jp,Female,Canada,9696,2
488,Berni,btittertondj@nytimes.com,Female,United States,6731,1
489,Gareth,gleivesleydk@geocities.com,Male,United States,5586,2
490,Sonnie,shoulworthdl@eepurl.com,Female,Canada,2976,1
491,Hildegaard,hjaqueminetdm@sun.com,Female,Canada,2790,4
492,Donna,dshakesbydn@vimeo.com,Female,United States,8529,1
493,Casey,csheerindo@etsy.com,Male,United States,9322,1
494,Berke,bsoppethdp@cbsnews.com,Male,United States,6882,2
495,Arliene,ahasarddq@sun.com,Female,United States,4865,3
496,Karlan,kgreatrakesdr@ebay.co.uk,Male,Canada,5943,2
497,Abey,abrogiottids@salon.com,Male,United States,4665,4
498,Oralle,oclementsdt@springer.com,Female,United States,3622,2
499,Kathryne,kbroedu@friendfeed.com,Female,United States,7994,2
500,Leonard,lbeazleydv@telegraph.co.uk,Male,United States,8462,2
501,Tamara,tredwooddw@mlb.com,Female,United States,9417,3
502,Dina,dsooleydx@prlog.org,Female,Canada,7055,3
503,Killie,kbeamandy@delicious.com,Male,Canada,4866,4
504,Karisa,kdeyedz@indiegogo.com,Female,United States,8566,2
505,Maximilianus,mrandalstone0@blog.com,Male,United States,8402,4
506,Palmer,pscrammagee1@shinystat.com,Male,United States,6086,4
507,Reider,rmcardelle2@1und1.de,Male,Canada,8944,2
508,Eduard,ejancae3@w3.org,Male,United States,8520,1
509,Bone,bkettone4@cocolog-nifty.com,Male,Canada,9348,1
510,Maximilianus,mbiggse5@nytimes.com,Male,Canada,8379,2
511,Pollyanna,pableye6@shop-pro.jp,Female,United States,4277,1
512,Jim,jrantoule7@weather.com,Male,United States,2325,1
513,Loni,lquinbye8@msu.edu,Female,United States,6500,4
514,Art,aglostere9@si.edu,Male,United States,2065,2
515,Riannon,rbarnewallea@pcworld.com,Female,United States,5948,4
516,Karlan,kbulpitteb@storify.com,Male,United States,5860,1
517,Quintilla,qlindsleyec@behance.net,Female,United States,4338,3
518,Clement,carchbalded@aboutads.info,Male,United States,2546,2
519,Horton,himessonee@shareasale.com,Male,United States,7962,4
520,Emalia,eoscollainef@goo.ne.jp,Female,Canada,5765,2
521,Palm,pragateeg@1688.com,Male,Canada,3784,3
522,Yolanda,ydubockeh@unicef.org,Female,United States,7192,4
523,Eldin,eleavoldei@fc2.com,Male,Canada,6981,1
524,Berne,bchaunceej@wufoo.com,Male,United States,5629,1
525,Raul,rohdirscollek@tmall.com,Male,United States,3370,3
526,Enriqueta,emurrockel@archive.org,Female,United States,9004,2
527,Kizzee,kkalinowskyem@yahoo.co.jp,Female,United States,3481,3
528,Dalston,driachen@sphinn.com,Male,Canada,9618,3
529,Sandie,sbenhameo@yellowbook.com,Female,Canada,4362,3
530,Yasmin,ymacpakeep@eepurl.com,Female,Canada,3750,1
531,Pyotr,pivanchoveq@biblegateway.com,Male,Canada,4014,3
532,Vanny,vmcneiceer@narod.ru,Female,Canada,4866,3
533,Guillermo,gchaplinges@ftc.gov,Male,United States,2639,3
534,Gary,gpinnocket@1und1.de,Male,United States,4148,2
535,Heddi,hvondrakeu@is.gd,Female,United States,3467,4
536,Dasie,dmarkwellev@blogger.com,Female,Canada,4950,4
537,Hyman,hkaufmanew@oakley.com,Male,United States,4323,3
538,Zed,zlengex@google.pl,Male,United States,7680,3
539,Mic,mhurtadoey@sourceforge.net,Male,United States,5989,3
540,Oralee,ofriedlosez@4shared.com,Female,United States,2769,3
541,Alexandre,aslesserf0@ft.com,Male,Canada,6937,2
542,Graig,goreganf1@hp.com,Male,United States,5587,1
543,Cyndie,crabjohnf2@google.pl,Female,United States,7388,1
544,Hasty,hmclemonf3@parallels.com,Male,Canada,9923,4
545,Gwenni,glampkef4@xinhuanet.com,Female,United States,6008,1
546,Anette,amcrobertsf5@skype.com,Female,Canada,3616,1
547,Drusi,dmeekef6@scientificamerican.com,Female,Canada,9383,2
548,Dov,dhoffmanf7@4shared.com,Male,United States,3082,1
549,Northrop,nthalf8@blogs.com,Male,United States,6376,1
550,Lisabeth,lsyvretf9@pagesperso-orange.fr,Female,United States,7376,1
551,Cirillo,cmusselwhitefa@myspace.com,Male,United States,6783,3
552,Nicoli,ngoodlettfb@ustream.tv,Female,United States,7865,4
553,Harv,hlarwoodfc@hao123.com,Male,United States,9003,2
554,Jerrie,jilyasfd@acquirethisname.com,Male,United States,4681,2
555,Bronnie,bpierrofe@prnewswire.com,Male,United States,4966,3
556,Christel,cbrownff@engadget.com,Female,United States,3736,4
557,Thorpe,tpaxefordfg@yale.edu,Male,United States,2436,4
558,Bertha,bwaldrumfh@fema.gov,Female,United States,8327,1
559,Clifford,ckalinskyfi@biblegateway.com,Male,Canada,4058,3
560,Efrem,edallemorefj@typepad.com,Male,United States,7048,2
561,Twyla,tsumsionfk@parallels.com,Female,United States,7027,1
562,Alexandros,alampsfl@com.com,Male,Canada,3290,2
563,Rycca,rstrettellfm@phpbb.com,Female,United States,8028,2
564,Prentiss,pbrunottifn@kickstarter.com,Male,United States,5297,3
565,Betti,bshaperofo@google.de,Female,United States,8974,1
566,Wright,wmcclurefp@joomla.org,Male,United States,5748,4
567,Jim,jowbridgefq@java.com,Male,United States,3947,3
568,Art,awhitmorefr@surveymonkey.com,Male,United States,6916,2
569,Kassi,kmenezesfs@mapy.cz,Female,Canada,4234,2
570,Francklyn,fmotionft@icio.us,Male,Canada,4609,2
571,Arnold,astegelfu@hubpages.com,Male,Canada,2589,3
572,Kippie,kschaferfv@sphinn.com,Female,United States,5925,1
573,Terri,tgilmanfw@hhs.gov,Male,United States,9447,1
574,Shandeigh,shelkinfx@xrea.com,Female,Canada,3783,1
575,Danny,dheeksfy@alexa.com,Female,Canada,8183,1
576,Cirillo,cclerkefz@over-blog.com,Male,United States,7764,2
577,Natalya,nfreathyg0@themeforest.net,Female,United States,2634,1
578,Georas,gyurkiewiczg1@discovery.com,Male,United States,9927,3
579,Jessee,jsamsong2@imgur.com,Male,Canada,9144,2
580,Taite,thaydockg3@furl.net,Male,United States,5416,4
581,Florrie,fmorrellg4@gravatar.com,Female,United States,5613,2
582,Carilyn,cphilipardg5@state.tx.us,Female,United States,4238,1
583,Kaitlyn,krawlinsg6@guardian.co.uk,Female,United States,9104,2
584,Devlen,ddjordjevicg7@ibm.com,Male,United States,7438,4
585,Lara,lroskrugg8@1688.com,Female,United States,6228,4
586,Eleni,ecesaricg9@cyberchimps.com,Female,United States,3972,2
587,Raquel,rfitzgibbonga@shinystat.com,Female,United States,8902,4
588,Vinni,vmaudlingb@typepad.com,Female,United States,4419,4
589,Chancey,cmogglegc@ebay.com,Male,United States,7606,2
590,Dominic,dgisbygd@imdb.com,Male,United States,4453,3
591,Neilla,nwildeyge@yelp.com,Female,Canada,7460,2
592,Cammy,cdomesdaygf@imageshack.us,Female,United States,3686,3
593,Zonda,zhartingtongg@admin.ch,Female,Canada,6136,3
594,Thedrick,tfellowesgh@nsw.gov.au,Male,United States,5087,1
595,Lucie,ltorragi@spotify.com,Female,United States,6023,1
596,Libbey,lprimakgj@cornell.edu,Female,United States,8461,4
597,Jedidiah,jnancegk@cdc.gov,Male,United States,6773,3
598,Horton,hcuthbertsongl@seesaa.net,Male,United States,8014,2
599,Loria,ltregiangm@eepurl.com,Female,United States,5328,1
600,Olympie,ohavockgn@youtube.com,Female,United States,2328,4
601,Bertie,bdewersongo@timesonline.co.uk,Male,Canada,4629,1
602,Laurel,llawlangp@gmpg.org,Female,United States,6304,3
603,Carmine,cdeackesgq@mashable.com,Male,United States,8428,2
604,Faulkner,fhallorgr@artisteer.com,Male,Canada,3498,2
605,Myron,mallwoodgs@yandex.ru,Male,Canada,4779,4
606,Stesha,sbresmangt@alexa.com,Female,United States,6792,2
607,Etty,edanilevichgu@globo.com,Female,United States,5185,4
608,Linn,ldayergv@nydailynews.com,Female,United States,4744,2
609,Morgana,mossennagw@cbc.ca,Female,United States,2755,2
610,Kit,kfishleighgx@so-net.ne.jp,Male,United States,7078,1
611,Stuart,sferiagy@feedburner.com,Male,Canada,4951,3
612,Lonnard,lorcottgz@ycombinator.com,Male,United States,3294,4
613,Anthea,alasteh0@walmart.com,Female,United States,4122,2
614,Emily,etinghillh1@mashable.com,Female,United States,7915,1
615,Bruce,bdechastelainh2@miibeian.gov.cn,Male,Canada,8681,2
616,Mala,mlanghornh3@purevolume.com,Female,Canada,2709,1
617,Maxie,mmckechnieh4@gizmodo.com,Male,United States,2592,4
618,Nixie,nhowsonh5@1688.com,Female,Canada,7511,3
619,Derrek,dbarzh6@storify.com,Male,Canada,2868,3
620,Gallagher,gowensonh7@marriott.com,Male,Canada,7249,2
621,Abagael,afilipovh8@hostgator.com,Female,Canada,8006,2
622,Roseanna,rmuncerh9@paypal.com,Female,United States,3075,4
623,Liz,lchasteyha@ucsd.edu,Female,Canada,9580,4
624,Nettle,ninwoodhb@cocolog-nifty.com,Female,Canada,3514,1
625,Friederike,fsparhawkhc@wix.com,Female,Canada,4737,1
626,Barb,bhumpheryhd@netlog.com,Female,United States,3545,4
627,Charley,cbizzeyhe@sbwire.com,Male,United States,5964,1
628,Annetta,akennedyhf@plala.or.jp,Female,Canada,3469,2
629,Eward,ebomanhg@pcworld.com,Male,United States,2656,2
630,Carlotta,chatchhh@upenn.edu,Female,United States,8349,1
631,Beverlee,bdunsterhi@archive.org,Female,United States,6915,2
632,Duky,dpennonihj@gnu.org,Male,United States,8653,1
633,Bondon,bdowsetthk@parallels.com,Male,United States,2123,3
634,Rosana,rballinghl@goo.ne.jp,Female,United States,3724,4
635,Jack,jserrurierhm@parallels.com,Male,United States,9385,3
636,Maurits,mgiddingshn@pcworld.com,Male,United States,6339,2
637,Roosevelt,rheiglho@bloomberg.com,Male,Canada,4119,4
638,Rahel,rcoithp@e-recht24.de,Female,United States,6225,3
639,Jackqueline,jterringtonhq@go.com,Female,Canada,9729,4
640,Holly,hgillieshr@lulu.com,Male,Canada,4011,4
641,Shep,sjorihs@weather.com,Male,United States,8025,4
642,Barron,breutherht@edublogs.org,Male,Canada,6942,1
643,Nelson,npirsonhu@skype.com,Male,United States,6255,1
644,Ofelia,ohynehv@soundcloud.com,Female,United States,7685,1
645,Heidie,hsparhawkhw@pcworld.com,Female,Canada,9649,3
646,Pip,phoutbyhx@admin.ch,Male,United States,8701,4
647,Weider,wattreedhy@independent.co.uk,Male,United States,6748,4
648,Brenn,bvonhagthz@so-net.ne.jp,Female,United States,2809,4
649,Benedicto,bcecchetellii0@feedburner.com,Male,United States,4327,4
650,Way,wnealei1@engadget.com,Male,United States,3926,1
651,Marlee,mberzini2@globo.com,Female,United States,5052,4
652,Thedrick,tarsoni3@biglobe.ne.jp,Male,Canada,8235,4
653,Jackie,jstokesi4@godaddy.com,Male,United States,5298,3
654,Dall,dtremouleti5@etsy.com,Male,United States,6265,4
655,Irvine,ipahli6@salon.com,Male,Canada,6737,2
656,Caldwell,cleweri7@delicious.com,Male,United States,6653,3
657,Yvon,yvictori8@stumbleupon.com,Male,Canada,2967,4
658,Mead,mlintilli9@ibm.com,Female,Canada,5064,2
659,Ed,ebollomia@yandex.ru,Male,United States,8964,1
660,Siusan,svaneschiib@eventbrite.com,Female,United States,8485,1
661,Minette,mtomblettic@deviantart.com,Female,United States,4206,4
662,Thain,toleshuninid@so-net.ne.jp,Male,Canada,7690,2
663,Christos,cshevlaneie@economist.com,Male,United States,8004,2
664,Des,dseekingsif@cafepress.com,Male,Canada,2022,1
665,Malina,moldroydeig@unc.edu,Female,Canada,3702,1
666,Luelle,lmimmackih@cdbaby.com,Female,United States,6072,2
667,Barnabas,bmulvanyii@marriott.com,Male,United States,6604,2
668,Stacee,starbetij@flickr.com,Female,Canada,5108,2
669,Dukey,dcovelyik@addtoany.com,Male,United States,9779,4
670,Broddie,bpetlyurail@vistaprint.com,Male,Canada,9710,4
671,Theo,tburlandim@elegantthemes.com,Female,Canada,5368,2
672,Arman,adrewettin@illinois.edu,Male,United States,9654,4
673,Toinette,tjankoio@aboutads.info,Female,Canada,9708,2
674,Gabi,glawtieip@wired.com,Female,Canada,2444,4
675,Wally,wpaveseiq@xrea.com,Male,United States,3801,4
676,Clem,cvaggir@multiply.com,Male,Canada,3281,4
677,Torey,tsheraris@flavors.me,Female,United States,4578,4
678,Agnola,ahenzleyit@nydailynews.com,Female,United States,4256,2
679,Noby,nbenedekiu@tmall.com,Male,United States,2763,4
680,Norry,nbuttreyiv@europa.eu,Male,United States,6832,3
681,Mayer,mcharlotiw@acquirethisname.com,Male,United States,2322,3
682,Gerhard,gedkinsix@house.gov,Male,Canada,4921,4
683,Cassie,cmizeniy@mapquest.com,Female,Canada,8727,1
684,Joana,jsimiz@gravatar.com,Female,Canada,8525,3
685,Stillmann,sladelj0@squidoo.com,Male,United States,4797,4
686,Nessie,nburdittj1@friendfeed.com,Female,Canada,9731,1
687,James,jgonsalvoj2@nytimes.com,Male,Canada,4433,2
688,Stacey,sconstantinouj3@issuu.com,Female,United States,6739,3
689,Katrina,krhucroftj4@prlog.org,Female,United States,9906,2
690,Therine,tsudranj5@slideshare.net,Female,Canada,3914,4
691,Lawry,lgainesj6@narod.ru,Male,United States,9726,3
692,Rutledge,rmcgooganj7@toplist.cz,Male,United States,4225,3
693,Shawna,sleupoldj8@bloglines.com,Female,Canada,5541,3
694,Patrizius,psutej9@sakura.ne.jp,Male,Canada,7110,3
695,Chrystel,cdempsterja@dagondesign.com,Female,United States,9124,3
696,Brigg,bdrewcliftonjb@flavors.me,Male,United States,6889,3
697,Kamillah,kaxworthyjc@gmpg.org,Female,United States,3274,3
698,Cornall,cedsalljd@ucoz.com,Male,United States,6017,1
699,Brittney,bpratije@canalblog.com,Female,United States,7512,2
700,Devondra,dgillfordjf@bloglines.com,Female,Canada,9033,2
701,Keelby,kworstalljg@w3.org,Male,Canada,6012,2
702,Ginni,gsilverstonjh@cyberchimps.com,Female,United States,8226,1
703,Ranee,rprucknerji@meetup.com,Female,United States,8469,2
704,Ross,radeyjj@slashdot.org,Male,United States,7829,1
705,Arda,adunsirejk@webs.com,Female,Canada,9760,2
706,Ileane,iravenshawjl@squarespace.com,Female,United States,6359,2
707,Debbie,dwhitmarshjm@zdnet.com,Female,United States,9459,2
708,Brittaney,bscottesmoorjn@accuweather.com,Female,United States,8560,3
709,Caldwell,ccarragherjo@engadget.com,Male,United States,6629,3
710,Hanson,hgearjp@shutterfly.com,Male,United States,6780,3
711,Marabel,mnottramjq@uiuc.edu,Female,United States,3485,2
712,Phyllys,psimeonjr@diigo.com,Female,United States,8349,3
713,Jim,jcliffejs@drupal.org,Male,Canada,6415,3
714,Boot,bfindersjt@seesaa.net,Male,United States,9562,2
715,Evanne,ecantju@smugmug.com,Female,United States,7640,1
716,Ilka,inortunenjv@vinaora.com,Female,Canada,8445,3
717,Clive,cbullarjw@toplist.cz,Male,United States,9218,3
718,Kattie,khubyjx@plala.or.jp,Female,Canada,9769,4
719,Charyl,csailsjy@state.tx.us,Female,United States,7259,3
720,Granger,gskettlesjz@google.com,Male,Canada,8245,2
721,Elaina,eabramink0@xrea.com,Female,United States,3919,3
722,Andria,acesconik1@ycombinator.com,Female,Canada,9153,3
723,Jillene,jelsleyk2@1688.com,Female,United States,7462,2
724,Audre,acranidgek3@trellian.com,Female,Canada,9764,4
725,Gena,ghairsinek4@hao123.com,Female,United States,8822,2
726,Laurent,lspiritk5@naver.com,Male,United States,4585,4
727,Emmalynne,eaiskriggk6@mozilla.org,Female,Canada,4945,4
728,Tracie,thannondk7@tinyurl.com,Female,United States,3702,4
729,Talbert,thyldenk8@google.com,Male,United States,2668,4
730,Elias,ekrollk9@behance.net,Male,Canada,8057,4
731,Barron,bgilleonka@jimdo.com,Male,United States,6982,4
732,Job,jdelbouxkb@naver.com,Male,United States,5171,4
733,Shayla,snajerakc@elpais.com,Female,Canada,4069,1
734,Crystie,cmichellekd@msu.edu,Female,United States,9243,2
735,Yvon,yfesbyke@1688.com,Male,United States,2631,4
736,Reinaldos,rdankersleykf@geocities.jp,Male,Canada,7475,3
737,Jordanna,jplettkg@sourceforge.net,Female,United States,2719,4
738,Channa,chakerkh@answers.com,Female,Canada,2809,2
739,Jo-anne,jmccannyki@domainmarket.com,Female,Canada,5848,3
740,Pierre,pgarriockkj@nbcnews.com,Male,Canada,8220,3
741,Hayden,hdabinettkk@yahoo.com,Male,United States,3824,3
742,Murvyn,mambruskl@joomla.org,Male,United States,6549,4
743,Edgar,epadillakm@usa.gov,Male,Canada,6917,1
744,Sven,slatourkn@newsvine.com,Male,Canada,3594,4
745,Dominick,ddrinkaleko@google.it,Male,United States,2680,3
746,Tedra,tlehrmannkp@angelfire.com,Female,United States,4513,1
747,Lucia,ldiscombekq@sphinn.com,Female,United States,9953,3
748,Jorgan,jgaitleykr@rambler.ru,Male,United States,9310,1
749,Addie,aremmersks@latimes.com,Male,United States,6242,1
750,Abe,acarrattkt@craigslist.org,Male,Canada,4803,2
751,Bord,bbeaushawku@shop-pro.jp,Male,Canada,5787,2
752,Caryl,cbarthorpekv@parallels.com,Female,Canada,4537,4
753,Aridatha,arunnicleskw@wix.com,Female,Canada,8703,4
754,Cahra,cgallegokx@wunderground.com,Female,Canada,5488,4
755,Elia,ehostonky@is.gd,Male,United States,5541,4
756,Minne,mtoplinkz@businessinsider.com,Female,Canada,3269,1
757,Fifine,fmccaheyl0@princeton.edu,Female,United States,6640,1
758,Yvor,ywarrickl1@kickstarter.com,Male,United States,5266,1
759,Fabian,fgavriellyl2@hp.com,Male,Canada,9793,1
760,Willey,wecclestonl3@xing.com,Male,Canada,4442,3
761,Price,pceaplenl4@huffingtonpost.com,Male,United States,5752,2
762,Thatcher,tdinnisl5@bluehost.com,Male,United States,9345,1
763,Papageno,pemsleyl6@mozilla.com,Male,United States,6248,3
764,Ame,agorgll7@dedecms.com,Female,United States,6291,3
765,Seymour,swebenl8@nydailynews.com,Male,United States,5522,2
766,Van,vfarlandl9@hud.gov,Male,Canada,6161,4
767,Rolph,rpoluzzila@state.gov,Male,Canada,4177,2
768,Osbourn,ocregganlb@abc.net.au,Male,United States,6613,4
769,Gareth,gsantorinilc@google.co.uk,Male,United States,2436,2
770,Dougy,dspeaksld@mozilla.org,Male,United States,7064,4
771,Lorraine,ldavidle@mozilla.org,Female,United States,7640,1
772,Felipa,fkainzlf@lycos.com,Female,United States,9844,2
773,Margaretta,mfrentzlg@noaa.gov,Female,Canada,6120,3
774,Bambi,bshirerlh@blogger.com,Female,United States,4580,2
775,Henka,hchoakeli@reddit.com,Female,United States,8105,2
776,Alistair,agravellslj@qq.com,Male,Canada,2711,4
777,Melicent,mchampagnelk@chronoengine.com,Female,Canada,4841,1
778,Cissiee,cconfaitll@bigcartel.com,Female,United States,9901,3
779,Basia,bbetserlm@mozilla.com,Female,Canada,6067,1
780,Lolly,lpepperrallln@army.mil,Female,United States,3228,4
781,Iorgo,icashleylo@msn.com,Male,United States,9738,2
782,Valencia,vbayldonlp@sakura.ne.jp,Female,United States,7874,1
783,Nester,nthomassonlq@engadget.com,Male,Canada,4391,1
784,Armando,agerdtslr@ihg.com,Male,United States,2684,2
785,Viva,vdavidoffls@va.gov,Female,Canada,2241,2
786,Aguistin,ashuttlelt@hc360.com,Male,United States,5160,4
787,Wilhelmina,wchesnaylu@noaa.gov,Female,Canada,7747,3
788,Harland,hadamssonlv@freewebs.com,Male,United States,4300,4
789,Antonetta,aivanitsalw@upenn.edu,Female,United States,4335,1
790,Damian,dhurlstonlx@de.vu,Male,United States,8782,3
791,Hazlett,hdallemorely@ehow.com,Male,United States,8086,3
792,Madonna,mmcgrielelz@myspace.com,Female,Canada,5219,1
793,Arlyne,aericksonm0@samsung.com,Female,United States,2115,2
794,Kandace,kadamoviczm1@prlog.org,Female,United States,9108,4
795,Cullen,ctrewartham2@seesaa.net,Male,United States,8290,2
796,Cherish,csecombem3@ihg.com,Female,United States,5751,3
797,Jemimah,jedesonm4@oakley.com,Female,United States,2945,4
798,Osborne,osawfordm5@noaa.gov,Male,United States,2528,2
799,Orsola,oblowerm6@surveymonkey.com,Female,United States,6474,1
800,Norton,nbankhurstm7@pagesperso-orange.fr,Male,United States,8524,3
801,Erina,edallingm8@posterous.com,Female,United States,2655,3
802,Alexis,aritchiem9@creativecommons.org,Male,United States,4806,4
803,Kory,kebbensma@php.net,Male,Canada,3724,4
804,Evyn,econnahmb@sogou.com,Male,United States,8743,3
805,Barnabas,bcomellomc@zdnet.com,Male,Canada,6286,2
806,Adore,acafemd@printfriendly.com,Female,United States,9204,4
807,Gavin,gdysterme@trellian.com,Male,United States,4041,3
808,Mar,mrohmermf@ebay.com,Male,Canada,8220,4
809,Garrick,gvallerymg@senate.gov,Male,United States,2242,1
810,Patty,plimmingmh@soup.io,Male,United States,3688,2
811,Shalna,srayltonmi@google.it,Female,Canada,4234,4
812,Kincaid,kmesnardmj@hugedomains.com,Male,United States,2834,3
813,Daryn,dcarvillemk@forbes.com,Female,Canada,7554,3
814,Waylon,wfulopml@meetup.com,Male,United States,2466,2
815,Gaylord,gwalsommm@howstuffworks.com,Male,United States,8653,2
816,Peterus,pdowreymn@example.com,Male,United States,4743,4
817,Rikki,rmaddinonmo@scientificamerican.com,Male,Canada,3204,2
818,Orville,ohaycroftmp@technorati.com,Male,United States,2679,1
819,Nap,ndutnallmq@reverbnation.com,Male,Canada,4022,4
820,Justus,jrignoldesmr@bbc.co.uk,Male,Canada,7880,4
821,Bartel,bgregorims@dot.gov,Male,United States,9148,1
822,Giles,gterrismt@webnode.com,Male,United States,6363,3
823,Chanda,caitchisonmu@newsvine.com,Female,United States,4956,4
824,Chiarra,cgodingmv@china.com.cn,Female,Canada,7893,1
825,Charlton,cphizacleamw@i2i.jp,Male,Canada,4255,1
826,Jonie,jchurchyardmx@reuters.com,Female,United States,4491,2
827,Meir,mveartmy@dell.com,Male,United States,7718,2
828,Adara,alauderdalemz@si.edu,Female,Canada,9505,3
829,Jandy,jskirvenn0@businessweek.com,Female,Canada,8029,4
830,Linc,llepiscopin1@g.co,Male,Canada,7318,1
831,Shara,swannelln2@jiathis.com,Female,United States,7377,3
832,Feodor,ffrearsn3@samsung.com,Male,United States,9312,2
833,Evita,elavrinovn4@yellowpages.com,Female,Canada,6134,3
834,Gun,ghoudhuryn5@walmart.com,Male,United States,8218,1
835,Tomi,thaddacksn6@comcast.net,Female,United States,8764,3
836,Archaimbaud,akoseln7@twitter.com,Male,United States,7090,1
837,Elnar,ebaumen8@newyorker.com,Male,Canada,8745,1
838,Carmita,ccasterotn9@geocities.com,Female,United States,4301,1
839,Oswald,oambrusna@whitehouse.gov,Male,United States,5067,4
840,Alexia,aolivellonb@vinaora.com,Female,Canada,3380,3
841,Florence,fstarbuckenc@hostgator.com,Female,United States,2745,4
842,Reggy,rstillend@princeton.edu,Male,United States,7506,4
843,Blane,brubartelline@fda.gov,Male,United States,5447,2
844,Judah,jbanbridgenf@blogspot.com,Male,Canada,8539,3
845,Chelsea,cdawidowskyng@mlb.com,Female,Canada,6502,2
846,Sonia,sdubocknh@infoseek.co.jp,Female,Canada,9242,2
847,Hilliard,hproudmanni@nature.com,Male,United States,8711,3
848,Nikita,ncarressnj@nasa.gov,Male,United States,3796,4
849,Edsel,eofergusnk@stumbleupon.com,Male,United States,3703,1
850,Phelia,pdaingerfieldnl@edublogs.org,Female,Canada,5550,3
851,Sephira,shallnm@cornell.edu,Female,Canada,2304,4
852,Gunar,gtwinamenn@buzzfeed.com,Male,United States,6093,3
853,Seka,sclemenceno@pagesperso-orange.fr,Female,United States,6494,1
854,Merrily,mshimonnp@php.net,Female,Canada,4726,2
855,Vasilis,vrollinnq@time.com,Male,Canada,6253,3
856,Ariela,alambalnr@thetimes.co.uk,Female,Canada,9654,3
857,Mab,mdepaepens@cnn.com,Female,United States,6981,3
858,Blane,bmeinekingnt@umn.edu,Male,United States,6973,1
859,Arel,aholburnnu@cornell.edu,Male,United States,8281,3
860,Leora,lbrixeynv@mozilla.com,Female,United States,2390,4
861,Jewell,jbartoschnw@plala.or.jp,Female,Canada,8720,1
862,Silas,sskippennx@delicious.com,Male,United States,2142,2
863,Morgen,mhanstockny@utexas.edu,Female,Canada,7987,2
864,Adriena,asawyernz@4shared.com,Female,Canada,7109,2
865,Rosalind,rmulvaneyo0@yale.edu,Female,United States,6053,2
866,Osmund,orobillardo1@people.com.cn,Male,Canada,9591,1
867,Bari,bscurrero2@ucla.edu,Female,Canada,3535,2
868,Inna,iallmeno3@canalblog.com,Female,United States,8034,4
869,Cynthie,cseveno4@msn.com,Female,United States,5246,3
870,Charlie,cdupeyo5@blog.com,Male,United States,5476,4
871,Emeline,esedgmano6@github.io,Female,Canada,5346,1
872,Leontyne,lpenrighto7@cdc.gov,Female,United States,6953,1
873,Tobie,tgeffeo8@fastcompany.com,Male,United States,4976,4
874,Cordy,cmusicoo9@jimdo.com,Male,United States,3356,1
875,Harmonie,hnoblettoa@nature.com,Female,United States,7327,2
876,Ricky,rsunnersob@etsy.com,Male,Canada,5366,3
877,Daveen,dkinkeroc@princeton.edu,Female,Canada,2765,1
878,Nicolas,nrobroseod@theguardian.com,Male,United States,2727,2
879,Alejandra,abuxamoe@army.mil,Female,United States,6429,1
880,Devi,dmacmaykinof@freewebs.com,Female,United States,9527,4
881,Hanson,hczajkowskiog@techcrunch.com,Male,United States,4305,1
882,Ilsa,ipinfoldoh@smh.com.au,Female,United States,3586,4
883,Lin,lhardmanoi@wix.com,Female,United States,7885,1
884,Tomlin,tsparshattoj@cnn.com,Male,United States,2740,3
885,Wilma,wstanbridgeok@opera.com,Female,United States,8524,3
886,Brody,bzottoliol@buzzfeed.com,Male,United States,8161,4
887,Devin,dcopasom@spotify.com,Female,Canada,6855,3
888,Michaela,mstureon@devhub.com,Female,United States,5813,3
889,Victor,vbirchilloo@google.es,Male,Canada,5213,3
890,Correy,ctelferop@google.com.br,Female,United States,2375,2
891,Rafa,rcrinidgeoq@mit.edu,Female,United States,5859,2
892,Georgy,gsalackor@youtu.be,Male,United States,8348,3
893,Alix,asangsteros@hatena.ne.jp,Female,United States,2245,4
894,Carlin,ccorstanot@epa.gov,Male,United States,8229,2
895,Pavia,ploxdaleou@spotify.com,Female,Canada,9364,1
896,Anna,aritchieov@newyorker.com,Female,United States,5820,2
897,Kingsley,kchomleyow@nih.gov,Male,Canada,9369,1
898,Laughton,lpachecoox@rakuten.co.jp,Male,Canada,3986,4
899,Sheffy,sguiteloy@cnbc.com,Male,United States,4187,2
900,Twyla,tbrameoz@instagram.com,Female,United States,4447,3
901,Rouvin,rmurkinp0@usda.gov,Male,United States,3603,4
902,Liam,lbernardp1@live.com,Male,United States,5437,1
903,Joyous,jpeltzerp2@sogou.com,Female,United States,6606,2
904,Maryellen,mwaddamp3@salon.com,Female,United States,9313,3
905,Kain,kkenwynp4@squarespace.com,Male,United States,9459,2
906,Klement,kmctrustyp5@cnbc.com,Male,United States,6965,4
907,Gerhardine,gbohlp6@amazon.com,Female,Canada,9951,4
908,Shermie,spargetterp7@bigcartel.com,Male,United States,7689,1
909,Stefa,sjollimanp8@arizona.edu,Female,United States,7063,4
910,Bartholomeus,braggettp9@infoseek.co.jp,Male,United States,9853,1
911,Bessy,bhartmannpa@goodreads.com,Female,Canada,2691,3
912,Floyd,fcullumpb@japanpost.jp,Male,United States,5948,4
913,Ginny,gollenbuttelpc@slashdot.org,Female,Canada,8413,2
914,Radcliffe,rrumfordpd@icio.us,Male,United States,8365,3
915,Jermaine,jwhalespe@baidu.com,Male,United States,6190,1
916,Ira,ivasyukovpf@tamu.edu,Female,United States,8677,4
917,Lia,lhymerpg@redcross.org,Female,United States,3015,1
918,Jeanette,jisacoffph@amazon.com,Female,Canada,9786,1
919,Becka,bbeebeepi@mayoclinic.com,Female,United States,7393,2
920,Gratiana,gcottesfordpj@booking.com,Female,Canada,4287,4
921,Lise,ltatershallpk@ask.com,Female,United States,5466,1
922,Fidole,fboldeckepl@usda.gov,Male,United States,6358,1
923,Haily,hbeekpm@nature.com,Female,Canada,7740,2
924,Anni,acurtisspn@techcrunch.com,Female,Canada,5162,2
925,Moise,mgarfieldpo@etsy.com,Male,United States,2091,4
926,Alexandra,apatrickpp@wordpress.com,Female,United States,2311,3
927,Merci,mpilmerpq@harvard.edu,Female,Canada,5981,2
928,Fred,fjaherpr@economist.com,Female,United States,6926,2
929,Gilles,gconeronps@xrea.com,Male,United States,6994,2
930,Raynor,rjahnckept@lulu.com,Male,Canada,7596,1
931,Kimble,kharrawaypu@chron.com,Male,Canada,2512,3
932,Cherye,ccermanpv@apache.org,Female,Canada,9455,3
933,Stacee,sfeigepw@unblog.fr,Male,United States,3671,1
934,Lisbeth,lasserpx@blogspot.com,Female,Canada,4702,4
935,Dario,dmaccathaypy@g.co,Male,United States,7843,4
936,Harry,hmaylottpz@instagram.com,Male,United States,6177,2
937,Phoebe,ppriterq0@infoseek.co.jp,Female,United States,6493,4
938,Benedikta,byeskovq1@hao123.com,Female,United States,5033,4
939,Borden,braingerq2@answers.com,Male,United States,2270,2
940,Cyril,cburgwinq3@buzzfeed.com,Male,United States,4031,1
941,Ingram,ispindlerq4@themeforest.net,Male,United States,2311,3
942,Shay,ssounessq5@amazon.co.jp,Female,United States,8906,4
943,Candide,crawsonq6@a8.net,Female,United States,7024,4
944,Ginnie,gcozbyq7@example.com,Female,United States,5629,1
945,Marcelia,mhowtonq8@pinterest.com,Female,United States,4648,3
946,Worden,wvakhrushinq9@surveymonkey.com,Male,United States,4454,4
947,Verene,vjensonqa@blogs.com,Female,Canada,5504,2
948,Terrie,tdavidyqb@cargocollective.com,Female,Canada,9046,3
949,Mignonne,mcasbonqc@foxnews.com,Female,Canada,5408,2
950,Ambrose,acoxqd@gizmodo.com,Male,United States,2890,4
951,Hamlin,hletixierqe@sbwire.com,Male,United States,4374,4
952,Nelia,nleeteqf@comcast.net,Female,United States,3754,2
953,Nelli,nfilbyqg@ycombinator.com,Female,United States,9559,1
954,Patric,placerqh@pinterest.com,Male,Canada,8861,2
955,Juliann,jbrastedqi@paginegialle.it,Female,Canada,7473,2
956,Fabio,falthorpeqj@uol.com.br,Male,United States,9512,1
957,Melvin,mmahoneyqk@unc.edu,Male,United States,4974,1
958,Heywood,hcockinql@so-net.ne.jp,Male,Canada,7185,4
959,Taite,tpetrovykhqm@facebook.com,Male,Canada,2252,4
960,Cristin,cslideqn@constantcontact.com,Female,Canada,7554,3
961,Tanny,tegelqo@flickr.com,Male,United States,9367,3
962,Dallon,dhamfleetqp@nifty.com,Male,Canada,8365,2
963,Mavis,mmaddysonqq@flavors.me,Female,United States,9319,2
964,Fayre,fcoklyqr@google.co.jp,Female,Canada,6396,2
965,Dorella,ddallemoreqs@wordpress.com,Female,United States,6794,3
966,Shane,sneveqt@ifeng.com,Male,United States,6006,1
967,Lorelei,labramskyqu@google.com.br,Female,Canada,4322,4
968,Audra,abrahmsqv@wufoo.com,Female,United States,5739,2
969,Lemmie,lwarehamqw@ted.com,Male,United States,9242,1
970,Valerie,vgantzerqx@nih.gov,Female,Canada,9489,1
971,Andreana,adunkinsonqy@ft.com,Female,United States,6778,2
972,Marita,mmouldingqz@dedecms.com,Female,United States,6369,4
973,Dee dee,dmcguffier0@loc.gov,Female,Canada,3951,4
974,Sebastien,shegleyr1@prnewswire.com,Male,United States,8331,3
975,Vinny,vtwellr2@marketwatch.com,Male,Canada,6272,2
976,Kitty,kreynoolldsr3@guardian.co.uk,Female,United States,2498,2
977,Floris,fdinsaler4@blogs.com,Female,United States,2964,3
978,Ansel,abeekr5@blogger.com,Male,Canada,6475,1
979,Rosene,rlambertciorwynr6@globo.com,Female,United States,7043,3
980,Alys,acoselyr7@ucoz.com,Female,United States,9854,4
981,Aubrey,ajagoer8@furl.net,Male,United States,2857,3
982,Arther,akimbreyr9@ucoz.ru,Male,United States,8816,1
983,Niles,nbootsra@ebay.com,Male,United States,3308,4
984,Alisun,abannesterrb@xinhuanet.com,Female,Canada,4048,2
985,Morty,meveryrc@squidoo.com,Male,United States,6679,4
986,Rozalie,rlabusquiererd@dedecms.com,Female,Canada,9078,4
987,Joye,jellumre@geocities.jp,Female,United States,5604,1
988,Maribel,mkiltierf@photobucket.com,Female,United States,5268,4
989,Juliann,jselcraigrg@sun.com,Female,United States,4195,1
990,Susy,sdevillierrh@blogtalkradio.com,Female,United States,6498,4
991,Molly,mchurchesri@hibu.com,Female,United States,8411,4
992,Maurizia,mgirdwoodrj@creativecommons.org,Female,United States,2297,3
993,Annabella,asanbrookerk@instagram.com,Female,United States,6057,2
994,Royce,rphippinrl@deliciousdays.com,Male,United States,8477,3
995,Meghan,mgilfetherrm@hud.gov,Female,United States,7303,1
996,Aluino,aeleyrn@rambler.ru,Male,Canada,4366,4
997,Katusha,kdeplacidoro@scientificamerican.com,Female,United States,5790,2
998,Taber,tkrystekrp@tamu.edu,Male,Canada,9171,1
999,Paule,pkitteridgerq@scribd.com,Female,United States,3937,2
1000,Lettie,lgoldisrr@quantcast.com,Female,United States,3623,3
