id,name,gender,salary,country
187,Allis,Female,24985,United States
615,Maximo,Male,24985,United States
846,Pietra,Female,24985,United States
338,Chariot,Male,24935,United States
722,Claudina,Female,24880,United States
964,Orin,Male,24864,India
141,Adan,Female,24861,United States
239,Maxwell,Male,24836,Singapore
543,Beauregard,Male,24830,United States
544,Freddy,Male,24803,United States
941,Stanford,Male,24796,United States
841,Sidonnie,Female,24783,United States
132,Brandais,Female,24766,United States
830,Norby,Male,24728,India
101,Margaret,Female,24725,India
420,Loella,Female,24718,United States
458,Scotty,Male,24704,United States
531,Delphine,Female,24681,United States
697,Roseline,Female,24620,United States
217,Andee,Female,24617,United States
506,Shane,Male,24604,United States
858,Ripley,Male,24598,United States
346,Aldric,Male,24557,United States
489,Bartholomeus,Male,24445,Singapore
372,Jecho,Male,24440,United States
460,Shep,Male,24421,United States
534,Irita,Female,24411,United States
483,Wright,Male,24322,Singapore
200,Sawyere,Male,24285,United States
900,Catie,Female,24280,United States
298,Hyacinthia,Female,24271,United States
892,Merna,Female,24265,United States
565,Joey,Male,24256,United States
914,Meade,Male,24234,United States
166,Tadd,Male,24221,United States
803,Mercy,Female,24213,United States
122,Nolan,Male,24189,United States
468,Hendrika,Female,24181,United States
288,Weston,Male,24155,Singapore
535,Seymour,Male,24099,United States
968,Elmira,Female,24051,United States
835,Parker,Male,24022,United States
942,Dulce,Female,23997,United States
769,Kristen,Female,23966,Singapore
558,Annis,Female,23916,United States
706,Hogan,Male,23861,United States
354,Carola,Female,23860,United States
376,Mort,Male,23845,United States
786,Alvy,Male,23766,United States
969,Muriel,Female,23700,United States
1000,Christoper,Male,23685,India
215,Analise,Female,23661,United States
323,Lorita,Female,23606,United States
640,Edythe,Female,23594,United States
286,Lishe,Female,23589,Singapore
160,Berte,Female,23582,India
59,Cooper,Male,23567,United States
479,Cloris,Female,23472,Singapore
790,Lynnet,Female,23464,United States
135,Howard,Male,23443,United States
936,Ingra,Male,23442,India
147,Dorette,Female,23440,United States
819,Elnore,Female,23439,India
602,Jo,Male,23435,United States
297,Marshall,Male,23412,United States
369,Perice,Male,23410,United States
574,Mufi,Female,23410,United States
339,Luce,Male,23373,United States
9,Ginny,Female,23368,India
880,Daniele,Female,23348,India
709,Andee,Female,23341,United States
926,Esdras,Male,23309,India
96,Neddie,Male,23303,United States
392,Ilka,Female,23252,United States
445,Minnnie,Female,23232,Singapore
796,Osbert,Male,23222,United States
974,Travus,Male,23196,United States
714,Lonnie,Female,23192,United States
384,Jules,Male,23175,United States
821,Bink,Male,23149,India
636,Franchot,Male,23126,United States
154,Luis,Male,23113,India
656,Edlin,Male,23059,United States
65,Myles,Male,23050,United States
82,Helenelizabeth,Female,23026,India
386,Sybille,Female,23017,United States
529,Spence,Male,22921,United States
523,Randal,Male,22911,United States
836,Gianna,Female,22910,United States
520,Sarine,Female,22908,United States
629,Zared,Male,22902,United States
550,Ninette,Female,22898,United States
224,Doug,Male,22896,Singapore
199,Nessie,Female,22881,United States
144,Claire,Male,22857,India
774,Biddy,Female,22852,Singapore
280,Courtney,Female,22828,Singapore
913,Hilary,Male,22821,United States
548,Lyn,Male,22794,United States
371,Meris,Female,22777,United States
904,Constanta,Female,22746,United States
4,Janella,Female,22731,India
820,Marietta,Male,22682,India
168,Barth,Male,22663,United States
553,Clark,Male,22649,United States
587,Andie,Female,22648,United States
33,Valentino,Male,22640,United States
250,Archaimbaud,Male,22632,United States
576,Milka,Female,22632,United States
753,Drusie,Female,22629,Singapore
793,Ingmar,Male,22616,United States
348,Nari,Female,22561,United States
555,Ilyse,Female,22551,United States
94,Fidole,Male,22543,United States
502,Roselle,Female,22524,United States
341,Isaak,Male,22475,United States
672,Nicolina,Female,22468,United States
182,Rosina,Female,22467,India
980,Monty,Male,22462,United States
124,Edgar,Male,22417,United States
363,Marguerite,Female,22371,United States
770,Grantley,Male,22370,Singapore
516,Sophey,Female,22359,United States
178,Querida,Female,22332,India
569,Mariska,Female,22307,United States
811,Ethan,Male,22303,United States
945,Dorolisa,Female,22288,United States
106,Kata,Female,22245,India
58,Izabel,Female,22221,United States
266,Coleen,Female,22211,United States
653,Orelee,Female,22207,United States
180,Clayborn,Male,22192,India
810,Basilius,Male,22185,United States
601,Randell,Male,22164,United States
991,Alanna,Female,22138,India
443,Brandyn,Male,22116,Singapore
747,Brandyn,Male,22084,Singapore
240,Dicky,Male,22081,Singapore
617,Vanessa,Female,21959,United States
278,Gabrielle,Female,21913,Singapore
91,Gavan,Male,21910,United States
364,Konstance,Female,21871,United States
729,Udall,Male,21871,United States
139,Ainslie,Female,21867,United States
277,Minette,Female,21830,Singapore
299,Shay,Male,21794,United States
771,Tillie,Female,21762,Singapore
977,Ofilia,Female,21754,United States
175,Yale,Male,21681,India
378,Bevan,Male,21661,United States
71,Tan,Male,21587,United States
247,Arleen,Female,21583,United States
336,Kim,Female,21567,United States
169,Newton,Male,21511,United States
566,Quint,Male,21491,United States
359,Babbie,Female,21467,United States
541,Heinrik,Male,21451,United States
919,Faina,Female,21427,India
183,Dacia,Female,21413,India
126,Robbie,Male,21381,United States
5,Weidar,Male,21347,India
32,Johnathan,Male,21336,United States
704,Rik,Male,21309,United States
849,Sal,Male,21291,United States
795,Melanie,Female,21273,United States
456,Sherwood,Male,21202,United States
896,Lazar,Male,21201,United States
766,Gregg,Male,21190,Singapore
788,Roarke,Male,21177,Singapore
972,Arlen,Female,21144,United States
275,Giustina,Female,21129,Singapore
212,Ailey,Female,21102,United States
983,Tobias,Male,21069,United States
119,Malcolm,Male,21041,United States
925,Olivero,Male,21020,India
110,Elisha,Male,20996,India
910,Austin,Male,20979,United States
440,Laurette,Female,20969,Singapore
850,Brion,Male,20963,United States
252,Nicky,Female,20939,United States
863,Shurwood,Male,20937,United States
752,Regina,Female,20877,Singapore
876,Hallie,Female,20861,India
261,Elise,Female,20843,United States
7,Kathryne,Female,20834,India
362,Jerry,Female,20771,United States
441,Biddy,Female,20764,Singapore
921,Emmie,Female,20751,India
885,Arri,Male,20733,India
568,Zachery,Male,20722,United States
75,Yetty,Female,20706,India
671,Agretha,Female,20694,United States
171,Alberta,Female,20666,India
791,Hillary,Male,20656,United States
88,Andria,Female,20644,India
916,Nickey,Male,20585,India
705,Remy,Female,20577,United States
721,Reine,Female,20537,United States
660,Flori,Female,20522,United States
512,Bobbie,Male,20511,United States
388,Marius,Male,20505,United States
206,Jarid,Male,20478,United States
486,Cayla,Female,20477,Singapore
409,Kameko,Female,20472,United States
316,Ferris,Male,20457,United States
436,Erik,Male,20457,Singapore
18,Roanne,Female,20444,India
209,Carmita,Female,20433,United States
521,Wadsworth,Male,20431,United States
909,Ophelie,Female,20371,United States
84,Rollins,Male,20364,India
133,Frederick,Male,20352,United States
107,Merl,Female,20336,India
181,Egan,Male,20335,India
633,Ellissa,Female,20302,United States
622,Ava,Female,20279,United States
56,Bard,Male,20251,United States
422,Tan,Male,20238,United States
642,Kissiah,Female,20231,United States
451,Gan,Male,20212,United States
24,Jenica,Female,20185,United States
174,Daphene,Female,20135,India
423,Emelita,Female,20124,United States
730,Rona,Female,20106,United States
120,Ward,Male,20100,United States
34,Sutherland,Male,20077,United States
990,Kay,Female,20074,India
357,Dorette,Female,20073,United States
353,Vere,Female,20052,United States
287,Barby,Female,19992,Singapore
318,Loralie,Female,19983,United States
47,Janet,Female,19976,India
695,Carmelita,Female,19949,United States
518,Waring,Male,19935,United States
307,Justus,Male,19931,United States
26,Lizbeth,Female,19928,United States
497,Dale,Male,19901,United States
677,Anselma,Female,19889,United States
222,Wilt,Male,19884,Singapore
45,Joycelin,Female,19872,India
625,Therese,Female,19870,United States
837,Dita,Female,19845,United States
332,Teddie,Male,19821,United States
951,Casar,Male,19814,United States
367,Ramon,Male,19812,United States
988,Sibeal,Female,19794,India
639,Sawyere,Male,19734,United States
738,Sherwynd,Male,19713,United States
665,Bel,Female,19706,United States
872,Letta,Female,19699,India
469,Bronny,Male,19694,United States
15,Lorens,Male,19668,India
728,Octavius,Male,19663,United States
598,Delphine,Female,19653,United States
937,Daron,Female,19585,India
192,Hercules,Male,19532,United States
585,Lexy,Female,19494,United States
223,Ad,Male,19442,Singapore
813,Vickie,Female,19388,United States
333,Madge,Female,19351,United States
260,Ciel,Female,19347,United States
125,Devina,Female,19313,United States
205,Christoper,Male,19279,United States
103,Lorilyn,Female,19276,India
173,Babs,Female,19263,India
279,Sterling,Male,19171,Singapore
72,Even,Male,19163,United States
823,Margaret,Female,19144,India
549,Stesha,Female,19128,United States
234,Johna,Female,19123,Singapore
572,Scottie,Male,19095,United States
112,Gill,Female,19078,India
148,Winnah,Female,19072,United States
685,Ibrahim,Male,19057,United States
380,Bettine,Female,19047,United States
938,Josefa,Female,18903,United States
530,Samuele,Male,18888,United States
464,Konstantine,Male,18838,United States
292,Dory,Male,18825,United States
416,Nicolai,Male,18811,United States
471,Mayer,Male,18792,United States
658,Shae,Female,18771,United States
735,Jamil,Male,18743,United States
946,Bertie,Female,18734,United States
829,Paxton,Male,18711,India
40,Roselia,Female,18661,India
999,Fitz,Male,18648,India
868,Brady,Male,18624,India
852,Myriam,Female,18600,United States
816,Valina,Female,18598,India
748,Nichol,Female,18596,Singapore
109,Bent,Male,18499,India
235,Brook,Male,18432,Singapore
801,Derrek,Male,18389,United States
311,Nikki,Female,18348,United States
256,Quill,Male,18299,United States
387,Maurise,Male,18293,United States
998,Adolphus,Male,18292,India
755,Ferne,Female,18252,Singapore
668,Russ,Male,18229,United States
809,Gracie,Female,18222,United States
662,Robinett,Female,18214,United States
767,Zedekiah,Male,18195,Singapore
563,Jobie,Female,18192,United States
603,Estel,Female,18164,United States
874,Merv,Male,18148,India
949,Row,Female,18143,United States
906,Natty,Female,18100,United States
306,Grantham,Male,18086,United States
265,Rooney,Male,18074,United States
567,Teddie,Female,18074,United States
395,Charlotta,Female,18070,United States
533,Gavan,Male,18037,United States
365,Marve,Male,18013,United States
751,Hobard,Male,17981,Singapore
399,Gunter,Male,17977,United States
768,Agnese,Female,17952,Singapore
25,Rhys,Male,17917,United States
52,Katine,Female,17853,India
83,Finlay,Male,17852,India
897,Hunter,Male,17821,United States
35,Jackie,Female,17820,India
536,Val,Female,17773,United States
225,Christalle,Female,17769,Singapore
290,Phineas,Male,17744,United States
309,Pietro,Male,17735,United States
211,Irvine,Male,17695,United States
845,Edmon,Male,17667,United States
881,Rahal,Female,17601,India
609,Rodrick,Male,17576,United States
195,Phillis,Female,17501,United States
522,Everett,Male,17440,United States
100,Dorothy,Female,17436,India
42,Jaquith,Female,17421,India
446,Ameline,Female,17383,Singapore
692,Averyl,Female,17383,United States
681,Dell,Male,17343,United States
827,Payton,Male,17325,India
930,Erskine,Male,17318,India
976,Layne,Female,17286,United States
655,Darda,Female,17246,United States
684,Fredrick,Male,17244,United States
324,Chaunce,Male,17232,United States
49,Dani,Male,17228,India
833,Abby,Female,17216,United States
115,Homer,Male,17211,India
562,Jaymie,Male,17183,United States
715,Teodoro,Male,17143,United States
554,Chaunce,Male,17142,United States
978,Marrilee,Female,17089,United States
501,Janot,Female,17060,United States
720,Jo,Male,17036,United States
839,Richardo,Male,17015,United States
546,Jedd,Male,16979,United States
571,Dieter,Male,16966,United States
797,Shani,Female,16956,United States
579,Ebony,Female,16951,United States
967,Annissa,Female,16939,India
578,Horten,Male,16929,United States
996,Chelsy,Female,16925,India
86,Emmie,Female,16910,India
807,Zia,Female,16879,United States
472,Atlante,Female,16837,United States
419,Kyle,Male,16777,United States
759,Osbourn,Male,16753,Singapore
136,Jessika,Female,16751,United States
435,Collie,Female,16734,Singapore
716,Angie,Female,16734,United States
507,Anneliese,Female,16695,United States
634,Kariotta,Female,16677,United States
717,Jean,Male,16663,United States
201,Kristan,Female,16631,United States
410,Meier,Male,16606,United States
673,Eunice,Female,16571,United States
504,Stearn,Male,16564,United States
952,Rahel,Female,16521,United States
151,Alanson,Male,16514,United States
973,Jillana,Female,16489,United States
406,Che,Male,16479,United States
958,Evelyn,Male,16455,India
911,Johnathan,Male,16437,United States
450,Joya,Female,16435,United States
39,Livvy,Female,16429,India
683,Delainey,Male,16406,United States
901,Niccolo,Male,16319,United States
737,Collete,Female,16306,United States
161,Claribel,Female,16300,United States
781,Carroll,Female,16294,Singapore
632,Timofei,Male,16292,United States
434,Monti,Male,16264,Singapore
476,Aindrea,Female,16261,United States
623,Patton,Male,16249,United States
851,Casar,Male,16249,United States
664,Allistir,Male,16240,United States
189,Wheeler,Male,16174,United States
46,Borg,Male,16168,India
800,Todd,Male,16155,United States
262,Bowie,Male,16152,United States
20,Retha,Female,16130,India
411,Christan,Female,16127,United States
775,Ddene,Female,16114,United States
322,Violetta,Female,16099,United States
927,Craig,Male,16099,India
828,Gill,Female,16014,India
785,Linn,Female,15985,Singapore
806,Bernice,Female,15964,United States
953,Dale,Male,15952,United States
847,Pandora,Female,15932,United States
186,Herminia,Female,15909,India
366,Janice,Female,15891,United States
804,Tabitha,Female,15890,United States
979,Maurice,Male,15879,United States
455,Teddy,Male,15866,United States
51,Dennie,Female,15844,India
627,Nap,Male,15826,United States
591,Jaquith,Female,15824,United States
861,Anstice,Female,15793,United States
840,Corissa,Female,15788,United States
962,Ricard,Male,15723,India
19,Marylynne,Female,15698,India
473,Sigfrid,Male,15596,United States
883,Bill,Male,15592,India
342,Rey,Female,15537,United States
860,Gaelan,Male,15511,United States
887,Siouxie,Female,15510,United States
412,Wade,Male,15508,United States
77,Paten,Male,15497,India
778,Maximilian,Male,15490,United States
27,Carolyn,Female,15473,United States
792,Der,Male,15463,United States
746,Brigg,Male,15449,Singapore
188,Bailie,Male,15419,United States
894,Verina,Female,15415,United States
698,Gilli,Female,15384,United States
648,Derrik,Male,15373,United States
448,Stearne,Male,15297,Singapore
64,Garth,Male,15294,United States
330,Erik,Male,15289,United States
895,Kordula,Female,15287,United States
993,Geno,Male,15250,India
674,Patricio,Male,15243,United States
301,Kerwin,Male,15238,United States
495,Gaspard,Male,15236,Singapore
449,Alexis,Female,15216,United States
474,Helen,Female,15173,United States
731,Marc,Male,15165,United States
233,Rollo,Male,15162,Singapore
79,Delly,Female,15134,India
381,Kial,Female,15110,United States
140,Shaun,Female,15101,United States
691,Humfrid,Male,15096,United States
682,Giorgio,Male,15084,United States
22,Konstance,Female,15063,United States
69,Pammie,Female,15058,United States
545,Timoteo,Male,15033,United States
552,Darin,Male,15015,United States
350,Ransom,Male,15010,United States
421,Virgil,Male,14994,United States
676,Randie,Female,14983,United States
997,Magda,Female,14965,India
487,Gwenni,Female,14953,Singapore
396,Leonardo,Male,14928,United States
848,Boycey,Male,14907,United States
128,Rosamond,Female,14896,United States
162,Adoree,Female,14871,United States
761,Abra,Female,14858,United States
944,Dara,Female,14855,United States
433,Corny,Female,14825,Singapore
170,Tammie,Male,14807,United States
744,Artemas,Male,14788,Singapore
693,Linc,Male,14765,United States
865,Packston,Male,14684,United States
588,Aime,Female,14647,United States
825,Toma,Female,14637,India
329,Harrison,Male,14620,United States
172,Jasper,Male,14598,United States
884,Kiel,Male,14568,India
597,Haily,Male,14510,United States
146,Leon,Male,14501,United States
374,Emilio,Male,14471,United States
81,Ransom,Male,14466,India
328,Cymbre,Female,14416,United States
176,Martina,Female,14412,India
608,Kassandra,Female,14406,United States
48,Rabi,Male,14395,India
777,Ricca,Female,14362,United States
963,Sam,Male,14322,India
391,Gilberta,Female,14308,United States
924,Deane,Female,14307,India
334,Lucina,Female,14255,United States
228,Jessy,Female,14195,Singapore
276,Rex,Male,14183,Singapore
700,Stuart,Male,14046,United States
402,Ryley,Male,14037,United States
727,Georgetta,Female,14026,United States
783,Andria,Female,13967,Singapore
37,Barbaraanne,Female,13928,India
657,Bernelle,Female,13894,United States
53,Boycey,Male,13888,India
293,Philippine,Female,13886,United States
111,Baily,Male,13873,India
216,Margarethe,Female,13856,United States
644,Moise,Male,13823,United States
723,Aubree,Female,13814,United States
203,Abby,Male,13810,United States
17,Thaine,Male,13805,India
361,Chauncey,Male,13757,United States
89,Laverna,Female,13755,India
370,Janis,Female,13747,United States
273,Ashia,Female,13702,Singapore
595,Wood,Male,13692,United States
631,Zolly,Male,13682,United States
296,Andi,Female,13667,United States
303,Brod,Male,13643,United States
616,Elden,Male,13637,United States
994,Silvana,Female,13632,India
271,Waylan,Male,13607,Singapore
742,Gaile,Male,13589,United States
227,Vannie,Female,13576,Singapore
923,Kirk,Male,13556,India
221,Perceval,Male,13438,Singapore
638,Karleen,Female,13435,United States
347,Darren,Male,13427,United States
760,Janek,Male,13423,United States
754,Sheff,Male,13382,Singapore
360,Odilia,Female,13361,United States
635,Alec,Male,13351,United States
726,Elvis,Male,13297,United States
213,Rudiger,Male,13261,United States
866,Yetty,Female,13170,United States
121,Corie,Female,13136,United States
870,Shirline,Female,13133,India
670,Rona,Female,13123,United States
226,Jarrod,Male,13115,Singapore
62,Emmaline,Female,13106,United States
331,Nico,Male,13079,United States
987,Karl,Male,13079,India
981,Merna,Female,13076,United States
131,Bay,Male,13033,United States
400,Celestine,Female,13026,United States
274,Joela,Female,12984,Singapore
30,Blayne,Male,12981,United States
986,Amalita,Female,12943,India
764,Wilmer,Male,12921,Singapore
922,Izaak,Male,12867,India
164,Mozes,Male,12819,United States
97,Dorelia,Female,12809,United States
739,Allsun,Female,12749,United States
842,Patrizia,Female,12749,United States
970,Martino,Male,12690,United States
583,Madlen,Female,12679,United States
358,Blake,Male,12638,United States
493,Mildred,Female,12608,Singapore
494,Dar,Male,12606,Singapore
630,Leonid,Male,12570,United States
708,Brian,Male,12542,India
343,Sigismund,Male,12541,United States
481,Ludovico,Male,12523,Singapore
940,Zeb,Male,12510,United States
327,Lind,Male,12507,United States
527,Evvy,Female,12461,United States
241,Ransell,Male,12460,Singapore
452,Keene,Male,12433,United States
10,Gavra,Female,12380,India
404,Prudy,Female,12355,United States
337,Roselia,Female,12348,United States
98,Erna,Female,12344,India
429,Steffane,Female,12338,United States
57,Roderich,Male,12331,United States
397,Guglielmo,Male,12309,United States
612,Lorenza,Female,12296,United States
557,Kerry,Male,12292,United States
594,Karlan,Male,12288,United States
596,Jude,Male,12267,United States
652,Novelia,Female,12242,United States
123,Ximenez,Male,12208,United States
500,Ellyn,Female,12164,United States
613,Freemon,Male,12108,United States
335,Libby,Female,12095,United States
559,Gasper,Male,12053,United States
155,Gilli,Female,12049,India
817,Clarke,Male,12031,India
920,Bealle,Male,12029,India
314,Levy,Male,11995,United States
345,Goldia,Female,11988,United States
873,Vinnie,Male,11883,India
44,Farrell,Male,11832,India
912,Keri,Female,11773,United States
745,Dalis,Male,11754,Singapore
526,Rorie,Female,11734,United States
606,Selma,Female,11723,United States
956,Alexandros,Male,11706,United States
482,Babara,Female,11675,Singapore
12,Berne,Male,11650,India
741,Jae,Male,11644,United States
659,Maxwell,Male,11634,United States
242,Terra,Female,11613,Singapore
509,Iosep,Male,11596,United States
570,Abram,Male,11585,United States
879,Raine,Female,11561,India
430,Fallon,Female,11560,United States
99,Artemis,Male,11554,India
55,Mabel,Female,11551,India
246,Boigie,Male,11485,United States
551,Elwyn,Male,11480,United States
54,Cecilius,Male,11466,India
618,Emery,Male,11415,United States
269,Nedda,Female,11401,United States
263,Kerk,Male,11376,United States
231,Ottilie,Female,11375,Singapore
127,Meryl,Male,11372,United States
63,Margeaux,Female,11345,United States
21,Brena,Female,11265,India
590,Israel,Male,11241,United States
561,Fiorenze,Female,11221,United States
898,Darcey,Female,11211,United States
696,Consalve,Male,11208,United States
491,Irwin,Male,11176,Singapore
950,Mathian,Male,11150,United States
105,Portia,Female,11141,India
373,Nester,Male,11108,United States
688,Mort,Male,11108,United States
442,Javier,Male,11088,Singapore
862,Karel,Male,11087,United States
890,Troy,Male,11084,United States
87,Rob,Male,11049,India
470,Elga,Female,11044,United States
540,Stanislas,Male,11042,United States
889,Hayden,Male,11006,United States
219,Nettie,Female,10992,Singapore
947,Keane,Male,10971,United States
503,Willabella,Female,10969,United States
492,Cleopatra,Female,10959,Singapore
312,Jaime,Male,10940,United States
351,Ricky,Female,10925,United States
28,Mechelle,Female,10912,United States
156,Elias,Male,10904,India
564,Lanie,Male,10868,United States
375,Cami,Female,10862,United States
463,Nat,Male,10844,United States
3,North,Male,10840,United States
8,Roxy,Female,10794,India
31,Giorgio,Male,10792,United States
789,Sherry,Female,10774,United States
893,Claybourne,Male,10771,United States
244,Rodi,Female,10760,United States
197,Lorin,Male,10725,United States
382,Milty,Male,10715,United States
577,Felisha,Female,10710,United States
41,Karlie,Female,10695,India
537,Hervey,Male,10692,United States
38,Upton,Male,10640,India
798,Arliene,Female,10614,United States
645,Pearle,Female,10613,United States
340,Humberto,Male,10566,United States
308,Row,Female,10564,United States
710,Hakeem,Male,10542,United States
117,Levon,Male,10541,India
352,Timothea,Female,10540,United States
321,Pauline,Female,10502,United States
878,Axel,Male,10496,India
236,Miltie,Male,10432,Singapore
902,Rhoda,Female,10386,United States
519,Candis,Female,10315,United States
204,Lynnelle,Female,10306,United States
867,Emilia,Female,10300,United States
90,Smitty,Male,10299,United States
385,Orbadiah,Male,10296,United States
844,Alethea,Female,10294,United States
202,Auberon,Male,10281,United States
679,Ev,Male,10244,United States
289,Katuscha,Female,10237,United States
843,Nady,Female,10187,United States
418,Bennie,Male,10162,United States
281,York,Male,10127,Singapore
184,Mylo,Male,10105,India
415,Godfree,Male,10059,United States
389,Giuseppe,Male,10006,United States
918,Kirsten,Female,9985,India
447,Fabiano,Male,9969,Singapore
14,Mead,Female,9943,India
379,Clint,Male,9936,United States
975,Fran,Female,9928,United States
427,Earvin,Male,9897,United States
799,Floris,Female,9892,United States
822,Ellissa,Female,9876,India
763,Price,Male,9836,United States
23,Brendan,Male,9786,United States
61,Ailbert,Male,9782,United States
95,Cinda,Female,9715,India
319,Ruggiero,Male,9552,United States
208,Adan,Female,9540,United States
995,Gianni,Male,9533,India
478,Randolph,Male,9523,United States
794,Zita,Female,9523,United States
593,Englebert,Male,9522,United States
646,Frants,Male,9507,United States
985,Agata,Female,9473,United States
929,Gaby,Female,9447,India
838,Aloise,Female,9443,United States
484,Sherlocke,Male,9403,Singapore
300,Bard,Male,9384,United States
2,Dennet,Male,9330,United States
626,Jewelle,Female,9317,United States
76,Tricia,Female,9288,India
50,Gunilla,Female,9263,India
641,Trever,Male,9247,United States
651,Brock,Male,9148,United States
776,Bryn,Female,9115,United States
284,Cassey,Female,9103,Singapore
251,Osbourne,Male,9083,United States
218,Gracie,Female,9060,United States
480,Brennen,Male,8990,Singapore
194,Rosmunda,Female,8961,United States
713,Loren,Female,8941,United States
812,Thane,Male,8919,United States
282,Waverley,Male,8893,Singapore
859,Evangelina,Female,8884,United States
304,Ara,Female,8875,United States
855,Hillery,Male,8849,United States
179,Leon,Male,8811,India
686,Addison,Male,8809,United States
666,Kendre,Female,8795,United States
283,Lilas,Female,8764,Singapore
165,Jenn,Female,8739,United States
243,Winnah,Female,8735,United States
959,Lacie,Female,8735,India
802,Burgess,Male,8725,United States
757,Bryanty,Male,8717,Singapore
424,Fern,Female,8715,United States
245,Elsbeth,Female,8704,United States
66,Myrvyn,Male,8662,United States
532,Ignatius,Male,8654,United States
690,Thaine,Male,8635,United States
259,Madonna,Female,8571,United States
614,Noam,Male,8542,United States
207,Hilly,Male,8533,United States
68,Hobie,Male,8480,United States
510,Guy,Male,8467,United States
605,Binni,Female,8406,India
394,Deva,Female,8394,United States
961,Sharline,Female,8349,India
607,Herby,Male,8327,United States
258,Meagan,Female,8308,United States
832,Agata,Female,8210,United States
220,Blithe,Female,8198,Singapore
905,Linn,Female,8179,United States
824,Homere,Male,8145,India
425,Darci,Female,8117,United States
667,Aldwin,Male,8116,United States
393,Giulia,Female,8109,United States
210,Tatum,Female,8084,United States
702,Ailene,Female,8083,United States
475,Raff,Male,8074,United States
703,Sonnie,Male,8064,United States
719,Kalinda,Female,8050,United States
877,Sarge,Male,8048,India
575,Rossy,Male,7925,United States
457,Antonie,Female,7911,United States
888,Micky,Male,7904,United States
108,Aaron,Male,7814,India
461,Erasmus,Male,7799,United States
326,Raddy,Male,7784,United States
114,Abagael,Female,7744,India
854,Uriel,Male,7689,United States
43,Trudy,Female,7669,India
734,Zeke,Male,7570,United States
438,Donnie,Male,7552,Singapore
784,Kristien,Female,7534,Singapore
317,Nealy,Male,7528,United States
104,Christoffer,Male,7443,India
547,Alejandra,Female,7439,United States
232,Abe,Male,7436,Singapore
253,Lenci,Male,7429,United States
610,Baxie,Male,7398,United States
390,Maddy,Male,7359,United States
957,Horace,Male,7346,India
465,Malissa,Female,7334,United States
29,Elwin,Male,7322,United States
982,Courtney,Male,7322,United States
733,Raychel,Female,7321,United States
984,Ancell,Male,7304,United States
960,Isobel,Female,7243,India
85,Alyson,Female,7211,India
582,Bentlee,Male,7208,United States
129,Lezley,Male,7184,United States
1,Odetta,Female,7138,United States
886,Lucinda,Female,7111,India
758,Emmanuel,Male,7096,Singapore
915,Alford,Male,7067,United States
732,Alyda,Female,7044,United States
320,Sam,Female,7026,United States
736,Stafford,Male,7018,United States
678,Ambros,Male,7006,United States
485,Sasha,Male,6995,Singapore
948,Lucio,Male,6897,United States
426,Aleece,Female,6894,United States
818,Vonni,Female,6894,India
264,Archaimbaud,Male,6890,United States
255,Ado,Male,6859,United States
624,Blinny,Female,6853,United States
718,Anabelle,Female,6767,United States
834,Brett,Male,6748,United States
943,Gaspar,Male,6736,United States
514,Astra,Female,6732,United States
831,Verge,Male,6726,United States
78,Munroe,Male,6697,India
621,Burnard,Male,6673,United States
238,Elsa,Female,6650,Singapore
413,Benito,Male,6613,United States
908,Carine,Female,6572,United States
592,Reinold,Male,6570,United States
749,Sheba,Female,6560,Singapore
505,Gaultiero,Male,6543,United States
163,Aindrea,Female,6537,United States
939,Orland,Male,6469,United States
193,Rudy,Male,6460,United States
325,Ellen,Female,6440,United States
649,Frants,Male,6437,United States
556,Bonita,Female,6436,United States
159,Courtnay,Female,6381,India
137,Selinda,Female,6338,United States
680,Aksel,Male,6301,United States
650,Appolonia,Female,6286,United States
498,Cyrille,Male,6283,United States
864,Judon,Male,6264,United States
584,Else,Female,6255,United States
92,Pauli,Female,6246,United States
230,Shayna,Female,6245,Singapore
285,Melany,Female,6245,Singapore
675,Augustus,Male,6197,United States
149,Aldrich,Male,6194,United States
750,Delphinia,Female,6051,Singapore
586,Genia,Female,6027,United States
272,Hastie,Male,6014,Singapore
853,Nanine,Female,6013,United States
462,Ruperta,Female,5993,United States
11,Karin,Female,5991,India
249,Ellswerth,Male,5920,United States
765,Trudey,Female,5913,Singapore
368,Yance,Male,5841,United States
694,Sibley,Female,5841,United States
214,Charmane,Female,5812,United States
248,Nerissa,Female,5706,United States
611,Gustaf,Male,5699,United States
305,Elmo,Male,5695,United States
431,Normy,Male,5674,United States
525,Daloris,Female,5643,United States
787,Lars,Male,5579,United States
167,Christin,Female,5571,United States
158,Dillie,Male,5548,India
869,Pammie,Female,5529,India
116,Baudoin,Male,5520,India
539,Filia,Female,5491,United States
118,Kristina,Female,5488,United States
524,Dulcinea,Female,5454,United States
145,Winnie,Male,5408,United States
67,Una,Female,5390,United States
661,Henrietta,Female,5390,United States
604,Hayward,Male,5363,United States
196,Harrie,Female,5355,United States
933,Ricky,Female,5302,India
355,Astra,Female,5279,United States
882,Etty,Female,5256,India
417,Fair,Male,5249,United States
80,Batsheva,Female,5236,India
432,Elwyn,Male,5209,United States
414,Hastie,Male,5200,United States
138,Monti,Male,5192,United States
654,Raimund,Male,5183,United States
191,Trstram,Male,5179,United States
707,Ilise,Female,5128,United States
74,Gale,Female,5063,India
428,Dreddy,Female,5027,United States
762,Barrett,Male,5022,United States
724,Temple,Male,5010,United States
589,Sid,Male,4984,United States
143,Valeda,Female,4976,United States
826,Kaile,Female,4946,India
315,Rhett,Male,4937,United States
453,Fayre,Female,4936,United States
689,Mohandis,Male,4929,United States
856,Celie,Female,4919,United States
772,Brantley,Male,4902,Singapore
454,Felecia,Female,4900,United States
349,Zebulon,Male,4891,United States
643,Marlo,Female,4890,United States
992,Morry,Male,4872,India
637,Gabie,Male,4870,United States
310,Les,Male,4829,United States
302,Nari,Female,4811,United States
538,Orella,Female,4811,United States
725,Felice,Female,4811,United States
743,Nev,Male,4792,United States
185,Ricki,Female,4785,India
437,Micky,Male,4757,Singapore
891,Audie,Female,4743,United States
405,Kinnie,Male,4738,United States
782,Teddi,Female,4724,Singapore
134,Alma,Female,4712,United States
177,Garrott,Male,4699,India
932,Maurine,Female,4621,India
663,Merrie,Female,4598,United States
93,Merrill,Male,4575,United States
620,Shannen,Female,4548,United States
257,Loren,Male,4542,United States
13,Osbert,Male,4516,India
928,Jami,Female,4514,India
580,Cobby,Male,4464,United States
313,Thor,Male,4444,United States
377,Christoforo,Male,4438,United States
511,Nealy,Male,4395,United States
237,Margy,Female,4391,Singapore
467,Mychal,Male,4385,United States
459,Georgina,Female,4372,United States
669,Marys,Female,4364,United States
499,Idell,Female,4350,United States
403,Rogerio,Male,4337,United States
711,Rodina,Female,4318,United States
815,Jameson,Male,4283,India
647,Justinian,Male,4260,United States
756,Patrice,Male,4260,Singapore
513,Dominique,Male,4256,United States
36,Putnem,Male,4225,India
935,Tobye,Female,4214,India
857,Ofelia,Female,4185,United States
628,Doreen,Female,4171,United States
903,Nady,Female,4163,United States
344,Milicent,Female,4154,United States
407,Griswold,Male,4134,United States
190,Giustina,Female,4120,United States
599,Jamil,Male,4105,United States
780,Hakeem,Male,4068,Singapore
955,Rozella,Female,4050,United States
60,Michelina,Female,4020,United States
408,Ernestine,Female,4018,United States
130,Klarika,Female,4015,United States
600,Margery,Female,4005,United States
875,Blair,Female,4001,India
444,Marcello,Male,4000,Singapore
142,Ode,Male,3976,United States
490,Colman,Male,3944,Singapore
477,Pincas,Male,3933,United States
808,Shell,Male,3888,India
989,Milicent,Female,3858,India
439,Homerus,Male,3833,Singapore
102,Madison,Male,3810,India
270,Renaldo,Male,3809,Singapore
150,Cristie,Female,3789,United States
73,Vikky,Female,3782,India
701,De witt,Male,3778,United States
291,Courtnay,Male,3688,United States
267,Harriett,Female,3686,United States
687,Vikky,Female,3647,United States
773,Federica,Female,3627,Singapore
560,Rosalinda,Female,3603,United States
581,Lucias,Male,3572,United States
16,Torr,Male,3555,India
779,Natty,Male,3546,Singapore
152,Falito,Male,3533,India
619,Shurwood,Male,3467,United States
398,Pierson,Male,3460,United States
6,Davy,Male,3413,India
528,Alane,Female,3409,United States
508,Raina,Female,3407,United States
254,Bili,Female,3385,United States
383,Kim,Female,3376,United States
871,Irina,Female,3371,India
157,Jocelyn,Female,3340,India
517,Katharina,Female,3294,United States
356,Penni,Female,3283,United States
699,Darin,Male,3258,United States
294,Rodolph,Male,3238,United States
113,Steven,Male,3229,India
542,Floyd,Male,3224,United States
198,Pietro,Male,3160,United States
70,Richmond,Male,3148,United States
965,Corene,Female,3146,India
907,Griselda,Female,3109,United States
488,Trudi,Female,3089,Singapore
740,Lauri,Female,3075,United States
466,Julita,Female,3044,United States
917,Lyndsay,Female,3006,India
573,Lexine,Female,2939,United States
899,Elladine,Female,2932,United States
401,Almire,Female,2877,United States
712,Jeno,Male,2807,United States
496,Valery,Female,2779,United States
934,Gaylor,Male,2768,India
966,Aubrie,Female,2750,India
295,Shawna,Female,2701,United States
954,Kathe,Female,2677,United States
814,Ebeneser,Male,2674,India
268,Gerrilee,Female,2621,Singapore
805,Banky,Male,2604,United States
971,Ruggiero,Male,2596,United States
229,Malena,Female,2593,Singapore
515,Eldredge,Male,2558,United States
153,Leslie,Male,2540,India
931,Garvin,Male,2538,India
