empno,name,country,salary,gender
1,Georgie Hindenberger,Nigeria,1469,Male
2,Carleton Menlove,China,2330,Male
3,Tobi Keneforde,Poland,1330,Female
4,Fidelio Errington,Peru,1905,Male
5,Lurline Wakeford,Portugal,2476,Female
6,Tallie Hulkes,South Africa,1239,Female
7,Hamel Beels,Poland,1401,Male
8,Conn Kynaston,Indonesia,2061,Male
9,Benton Scoone,Mexico,1611,Male
10,Salomon Heliot,China,2103,Male
11,Juli Chittim,Indonesia,1020,Female
12,Nariko Sives,Philippines,1030,Female
13,Ericha Peye,South Africa,1603,Female
14,Sigfried Van Giffen,Portugal,1913,Male
15,Kerry Layson,Indonesia,1403,Female
16,Molli Tedder,Serbia,1504,Female
17,Rudie Kliment,China,2341,Male
18,Sharla Molder,Russia,1443,Female
19,Alano Giurio,Russia,1656,Male
20,Milena Ocheltree,Indonesia,2130,Female
21,Ellwood McGrail,Portugal,1410,Male
22,Merwyn Skydall,Iran,2337,Male
23,Davide Venditti,Indonesia,1014,Male
24,Ilise Inkin,Indonesia,2372,Female
25,Joann Sparkwill,China,2374,Female
26,Sidney Hexum,Indonesia,2011,Male
27,Jase Leversha,Poland,1884,Male
28,Gilbertine McCafferky,Albania,2329,Female
29,Barrie Drains,China,1545,Female
30,Feodora Leisk,Indonesia,1950,Female
31,Barri Lewtey,Indonesia,1519,Male
32,Edlin Crimp,Indonesia,2326,Male
33,Mohammed Pinder,Poland,1895,Male
34,Shaun Beak,Ukraine,2144,Female
35,Cynthea Sampson,Colombia,2354,Female
36,Zola Hutley,Haiti,2243,Female
37,Sandra Turton,South Africa,1294,Female
38,Milena Varfolomeev,Greece,1288,Female
39,Jo-anne Witherow,South Africa,2004,Female
40,Siffre Simco,Brazil,2486,Male
41,Morgana Forri,Bolivia,1749,Female
42,Flossy Martill,Croatia,2278,Female
43,Berton Sweeten,China,1675,Male
44,Dorrie Dales,Afghanistan,2132,Female
45,Jim Smorthit,Costa Rica,2428,Male
46,Amitie Glassborow,Portugal,2168,Female
47,Jaclin Zorzoni,Sweden,1160,Female
48,Nikkie Mingauld,China,1961,Female
49,Candice Himsworth,Brunei,1532,Female
50,Wenona Cressor,France,1832,Female
51,Pearla Larner,Indonesia,1909,Female
52,Tedi Louis,Portugal,1447,Female
53,Reggi Carrack,Kosovo,2240,Female
54,Trip Readhead,China,2447,Male
55,Codi Pennycook,China,1871,Female
56,Rooney Rawood,China,1440,Male
57,Anton Lere,Russia,1405,Male
58,Chantal Grisenthwaite,Albania,1261,Female
59,Conny Berardt,Portugal,1251,Male
60,Felike MacRierie,Chile,1966,Male
61,Helenka Hawsby,Czech Republic,1651,Female
62,Klemens Priestman,Mexico,1180,Male
63,Thorn Mullins,Afghanistan,1801,Male
64,Konstanze Erickssen,China,2152,Female
65,Odo Paoli,Russia,2205,Male
66,Elie Boylin,China,2395,Female
67,Courtenay Januszewski,China,2046,Female
68,Christabel Possek,Indonesia,2252,Female
69,Guthry Yacob,Armenia,1012,Male
70,Shepherd Hing,Sweden,1795,Male
71,Gottfried Mattersey,Poland,1460,Male
72,Panchito Awdry,Indonesia,1181,Male
73,Chad Hosburn,Japan,1323,Male
74,Ellen Holsey,Russia,1359,Female
75,Adolf Caurah,Indonesia,1361,Male
76,Hersch Blunden,Indonesia,2472,Male
77,Barny Kinleyside,Peru,1935,Male
78,Leonid O'Hagirtie,China,1049,Male
79,Elie Villa,Poland,2334,Female
80,Gerhard Flageul,China,2072,Male
81,Portie Dawney,Philippines,2161,Male
82,Devonna Biddlestone,Poland,1123,Female
83,Eldon Sails,Japan,1265,Male
84,Lorette Clue,Russia,2429,Female
85,Andris Halls,Philippines,1176,Male
86,Nathanil Minchell,Venezuela,2014,Male
87,Kailey Collibear,Indonesia,2193,Female
88,Reggie Strotton,Luxembourg,1051,Male
89,Gayle Foxon,Japan,2204,Male
90,Red Brookwood,Brazil,1418,Male
91,Carlo Rawlyns,Indonesia,2390,Male
92,Rowan Heather,Syria,1312,Male
93,Ky Tristram,Sweden,1716,Male
94,Alon Bosket,Russia,1355,Male
95,Gerri Jentet,Ireland,1109,Female
96,Orly Brankley,Indonesia,2083,Female
97,Danila Pascow,Colombia,1055,Female
98,Deena Gerrell,Poland,1586,Female
99,Robinson Winders,Russia,2461,Male
100,Nicolai Monks,Germany,2276,Male
101,Donnie Cheke,Guatemala,2021,Male
102,Drew Lawman,Brazil,2152,Male
103,Charmine Peele,Ukraine,1106,Female
104,Torey De La Salle,Poland,1194,Female
105,Salem Tomaszek,China,1366,Male
106,Carly Bielefeld,China,1634,Female
107,Rhys Ettritch,Sweden,2166,Male
108,Hermon Loughlin,Colombia,1950,Male
109,Kalila Boatwright,China,1785,Female
110,Catriona Grgic,Brazil,2094,Female
111,Steffen Tibbetts,Russia,1299,Male
112,Petra O'Kielt,France,1332,Female
113,Cirillo Skillicorn,Philippines,1275,Male
114,Mariellen Brearton,Indonesia,1610,Female
115,Anson Kirmond,Sweden,1952,Male
116,Shanta O'Toole,Indonesia,2020,Female
117,Zach Deviney,Indonesia,1270,Male
118,Carena Tams,Vietnam,2470,Female
119,Abbye Rate,Poland,1683,Female
120,Heddie Axtell,United Kingdom,1963,Female
121,Jozef Haxbie,Colombia,2207,Male
122,Miriam Taplin,Czech Republic,1834,Female
123,Lauri Arrighetti,Brazil,1985,Female
124,Monte Gayther,Japan,1382,Male
125,Hannis Marriage,Afghanistan,1751,Female
126,Yehudit Ickovitz,Montenegro,2425,Male
127,Dare Seelbach,Iran,1860,Male
128,Phyllis Lasslett,Poland,1008,Female
129,Birdie Kelcher,China,1102,Female
130,Camila MacCaffery,Portugal,2240,Female
131,Neale Crosswaite,Peru,1090,Male
132,Josselyn Reily,Germany,2149,Female
133,Wolfie Dudenie,Paraguay,1973,Male
134,Bevan Nettleship,Indonesia,1066,Male
135,Alleyn Merck,China,1224,Male
136,Farrel Robic,China,1049,Male
137,Cally Thor,Brazil,2238,Female
138,Mason Luscott,Indonesia,2445,Male
139,Rollie Belchamber,Norway,1586,Male
140,Cobbie Whayman,France,2218,Male
141,Stephanie Titterell,United States,1623,Female
142,Matelda Attridge,South Africa,1116,Female
143,Homer Bushrod,Sweden,2399,Male
144,Frank McKeefry,Russia,1802,Female
145,Rici Seymour,China,1304,Female
146,Ed Marfell,China,1108,Male
147,Carlynne Maddinon,China,1357,Female
148,Donna Fitzsymon,Indonesia,2333,Female
149,Kincaid McGlynn,Russia,2217,Male
150,Urbanus Isenor,Brazil,1706,Male
151,Crista Meadows,Sweden,2262,Female
152,Mandy Trenaman,Honduras,1598,Female
153,Ainslee Lonsbrough,Norway,2167,Female
154,Nev Rotge,China,1507,Male
155,Mirabella Weare,Germany,1123,Female
156,Noe Sussams,Russia,1541,Male
157,Harriette Edards,Japan,1001,Female
158,Noe Ash,Japan,2165,Male
159,Isa Smaile,Germany,1170,Male
160,Vanni Novkovic,Netherlands,2227,Female
161,Allyn Blyth,Serbia,2491,Female
162,Philbert de Keep,Tanzania,1552,Male
163,Celine Patillo,China,1760,Female
164,Jocelyne Packer,Guyana,2319,Female
165,Griswold Vasser,Namibia,1386,Male
166,Dickie Aberdein,Syria,2247,Male
167,Marilee Oylett,Sweden,2408,Female
168,Isac Widocks,China,1848,Male
169,Alwin MacPaden,Greece,1683,Male
170,Byrle Vuittet,Russia,1693,Male
171,Hillary Skurray,Ireland,1584,Female
172,Neila Callington,Greece,2393,Female
173,Josefina Dyott,China,1279,Female
174,Lonnie Lemarie,China,1757,Female
175,Ahmad Ellse,Indonesia,1960,Male
176,Norbert Tidmas,Brazil,1786,Male
177,Marlow Brisseau,China,2270,Male
178,Roosevelt Persian,United Kingdom,1869,Male
179,Tim Flatt,Armenia,1207,Male
180,Guthrie Cody,Russia,1120,Male
181,Andros Kennermann,China,1659,Male
182,Devon Avramov,Ireland,1192,Female
183,Allianora Ferschke,China,1871,Female
184,Bale Riby,China,1157,Male
185,Payton Lethbrig,Indonesia,2063,Male
186,Pernell Kettle,Indonesia,1899,Male
187,Elenore Peschmann,Poland,1966,Female
188,Leonelle Caley,Iran,1556,Female
189,Wendell Golds,China,1448,Male
190,Rutledge Petrello,United States,1827,Male
191,Bartie Thick,Bahamas,2225,Male
192,Guntar Sharpe,Indonesia,2136,Male
193,Benito Hain,Slovenia,1998,Male
194,Corly Sabbatier,Russia,1375,Female
195,Kelsy Cazin,Tajikistan,2058,Female
196,Prudy Hyett,Australia,1287,Female
197,Elenore Kmieciak,China,1941,Female
198,Halie Enos,Reunion,2326,Female
199,Anni Kuhnt,Afghanistan,1664,Female
200,Averil Tourne,Bahrain,2050,Male
201,Webb MacDermot,Brazil,1831,Male
202,Anthia Creamer,Sweden,1875,Female
203,Grannie Crann,France,2139,Male
204,Leonidas Kubista,Yemen,1184,Male
205,Sandie Goodlip,Peru,1467,Female
206,Quinlan Schirok,China,1030,Male
207,Lizabeth Matches,Philippines,2007,Female
208,Artie Drakes,Spain,1009,Male
209,Livia Hallihan,Poland,1463,Female
210,Stephan Skiggs,Mexico,2379,Male
211,Farlee Stenyng,Russia,1244,Male
212,Moe Schultz,Poland,2200,Male
213,Tallie Kinglesyd,Poland,1496,Female
214,Karina Pogue,Greece,2036,Female
215,Stephanie Lowey,Israel,1944,Female
216,Boigie Copozio,Poland,1146,Male
217,Clive Penswick,China,1609,Male
218,Gerhardine Brayshay,Puerto Rico,2212,Female
219,Fowler Goldwater,Argentina,1118,Male
220,Zaria Tranfield,China,2248,Female
221,Bordy Karmel,Cuba,1012,Male
222,Beckie Bonick,Canada,1571,Female
223,Davita Wigelsworth,China,1985,Female
224,Cameron Gymblett,Indonesia,1332,Male
225,Aloin Kubiak,Australia,1895,Male
226,Lucina Sweetzer,Philippines,1923,Female
227,Deane Chang,Indonesia,1009,Female
228,Daphne Handover,Sweden,1800,Female
229,Urbanus Secretan,Indonesia,1058,Male
230,Lainey Meers,China,2485,Female
231,Bibi Sinclar,Ukraine,1404,Female
232,Siegfried Conre,Indonesia,1077,Male
233,Harlie Cadany,Indonesia,2407,Female
234,Karna Gaish,Vietnam,2294,Female
235,Michel O'Siaghail,Syria,1395,Female
236,Bourke Norgate,Libya,1059,Male
237,Inigo Fowley,Cuba,2238,Male
238,Constantino Goodship,South Africa,2364,Male
239,Culley Ivashev,China,1020,Male
240,Napoleon Weatherdon,Luxembourg,1295,Male
241,Stavro Farenden,Poland,1131,Male
242,Valma de'-Ancy Willis,Albania,1131,Female
243,Emma Mardling,Indonesia,2406,Female
244,Court Lynnett,Antigua and Barbuda,1933,Male
245,Otho Brunelleschi,China,1422,Male
246,Tiffy Glendza,Russia,1914,Female
247,Bobbee Bontein,China,1536,Female
248,Tania Bazoche,Sweden,1676,Female
249,Chickie Fere,Vietnam,1292,Female
250,Kerry Alps,Portugal,1675,Female
251,Tommie McCauley,Indonesia,2165,Female
252,Basia Yegorchenkov,Argentina,1871,Female
253,Wilone Privett,Madagascar,2237,Female
254,Merill Cases,Egypt,2030,Male
255,Martha Ziemecki,Russia,1674,Female
256,Sherlock Itzhaiek,Syria,2115,Male
257,Erroll Cassells,China,1401,Male
258,Stanton Ebbrell,Austria,2005,Male
259,Nickolai Philipeaux,China,1276,Male
260,Candace Menhenitt,Moldova,1485,Female
261,Fania Novkovic,Indonesia,1582,Female
262,Inna Douberday,Zimbabwe,1139,Female
263,Demetria Hazelgrove,Andorra,2090,Female
264,Ric Foakes,Luxembourg,1366,Male
265,Kizzie Pinwill,Serbia,2450,Female
266,Kennie Wykes,Sweden,1666,Male
267,Perri Ambage,Nigeria,1743,Female
268,Marne Cord,Norway,1176,Female
269,Torrance Deniscke,Argentina,2482,Male
270,Sindee De Vries,China,2476,Female
271,Katy Simcock,South Africa,1771,Female
272,Claire Graine,China,1273,Female
273,Kacie Jeram,Indonesia,2018,Female
274,Sebastian Gooderridge,Philippines,2098,Male
275,Alyosha Poulson,Croatia,1633,Male
276,Hillel Pimlock,France,1658,Male
277,Mathew Duncan,Brazil,2096,Male
278,Jaquelyn Rappaport,Indonesia,1171,Female
279,Dede Pillinger,Tunisia,2164,Female
280,Ninnetta Wallman,Indonesia,1958,Female
281,Alix Upshall,Portugal,1029,Female
282,Morgen Thomazin,Israel,1820,Male
283,Sharai Jantot,Indonesia,1787,Female
284,Daven Rymill,Russia,1682,Male
285,Christel Ort,Czech Republic,2448,Female
286,Griffith Schoales,Philippines,1115,Male
287,Alisander Sanz,Mexico,1250,Male
288,Olly Fosten,China,2240,Male
289,Nola Lamming,Poland,1349,Female
290,Lonnard Graffham,Poland,1668,Male
291,Orsola Brownfield,Philippines,1780,Female
292,Therine Geekin,Brazil,1267,Female
293,Ewell Drakers,China,1099,Male
294,Gardener Carreyette,Philippines,1039,Male
295,Andy Le land,Japan,1525,Male
296,Wilhelmina Champkin,China,1927,Female
297,Tomas Fawcus,China,1101,Male
298,Carree Ruddoch,Angola,1942,Female
299,Gussie Phelan,Ireland,2093,Female
300,Salomo Dillimore,Greece,2481,Male
301,Gardiner Raoul,Portugal,1064,Male
302,Christabel Helliker,China,1003,Female
303,Patrizio Demko,Indonesia,1550,Male
304,Erena Kidsley,Greece,1610,Female
305,Stanford Errowe,Brazil,2179,Male
306,Moselle Attril,Russia,1357,Female
307,Fonzie Scough,Thailand,1974,Male
308,Hebert Roels,France,1916,Male
309,Tilly Jenik,Syria,1908,Female
310,Celestina Slinger,Netherlands,1509,Female
311,Penny Guidera,China,1533,Male
312,Alyson Hachette,Indonesia,2455,Female
313,Lotta Biffin,China,2368,Female
314,Karylin Fleisch,Japan,1212,Female
315,Linet Portlock,Poland,1062,Female
316,Kenn Scamadine,Russia,1514,Male
317,Durand Webley,China,1877,Male
318,Glennie Presswell,Russia,1487,Female
319,Izzy Volkes,Russia,2025,Male
320,Odetta Wapple,Philippines,1514,Female
321,Samaria Kobisch,Russia,2141,Female
322,Reed Wintringham,Greece,2173,Male
323,Lionel Meneux,Sweden,1931,Male
324,Aeriel Falkner,Peru,1664,Female
325,Claudia Cockling,China,1784,Female
326,Orton Jepson,Canada,1780,Male
327,Adams Cheetham,Russia,1690,Male
328,Tabby Lenox,Sweden,1176,Male
329,Ambur Chilver,Togo,1371,Female
330,Baryram Spearing,Poland,1399,Male
331,Freda Jeffers,Philippines,2068,Female
332,Sheelah Yetman,Tunisia,1598,Female
333,Mommy Letterick,Philippines,2425,Female
334,Kaitlin Heskin,Thailand,1307,Female
335,Leona McSharry,Bulgaria,1657,Female
336,Zorana Otteridge,Argentina,1688,Female
337,Grantley Josupeit,Ukraine,1065,Male
338,Berthe Nolder,Azerbaijan,1934,Female
339,Nisse Harriot,South Korea,1585,Female
340,Bee Thibodeaux,Argentina,1364,Female
341,Joly Mulhall,Czech Republic,1138,Female
342,Sunshine Hincham,Indonesia,1090,Female
343,Dulce Skeel,United States,1463,Female
344,Loy Skala,Poland,2027,Male
345,Amble Cradock,Philippines,1738,Male
346,Vitoria Lewnden,United States,1412,Female
347,Craggy Beams,Russia,2337,Male
348,Nada Mead,Indonesia,2008,Female
349,Emmye Leat,New Zealand,1915,Female
350,Free Waslin,China,1724,Male
351,Oliviero Larrosa,Brazil,2437,Male
352,Helyn Thorouggood,Peru,1631,Female
353,Raffarty Casin,Germany,2332,Male
354,Orland McLeese,France,1030,Male
355,Sileas Pridham,China,2436,Female
356,Gareth Kiwitz,Poland,1477,Male
357,Michelina Esselin,Philippines,1745,Female
358,Ardis Hannent,China,1374,Female
359,Adey Leghorn,Vietnam,1921,Female
360,Jeffy Mc Meekan,United States,1013,Male
361,Abigale Bendson,China,1651,Female
362,Emogene Abbate,Palestinian Territory,1176,Female
363,Quillan Lowle,Philippines,1493,Male
364,Kurt Rama,Norway,1345,Male
365,Gherardo Ackenson,Russia,2023,Male
366,Arney Bazoche,China,1536,Male
367,Stevana Lupton,Philippines,2291,Female
368,Yuma Land,United States,1533,Male
369,Brendin Elia,China,2365,Male
370,Donelle Kensall,Greece,1473,Female
371,Flori Tremayle,Cameroon,2227,Female
372,Floris Kuhnert,France,1184,Female
373,Lewiss Yaxley,Indonesia,1716,Male
374,Bren Hamp,United States,2265,Male
375,Emilia Wallhead,China,1110,Female
376,Allie Hinsche,South Africa,1808,Male
377,Inness Munslow,Greece,2133,Male
378,Miriam Minico,Cameroon,2388,Female
379,Brant Cantu,China,1919,Male
380,Raffarty Le Noir,Norway,1327,Male
381,Ilysa Garvan,Kenya,1890,Female
382,Giavani Quig,Japan,2010,Male
383,Brynne Ausher,Thailand,1680,Female
384,Barr Keyden,Sweden,1668,Male
385,Joycelin Goskar,China,1354,Female
386,Baudoin Rosenbarg,Guatemala,1039,Male
387,Sal Goskar,China,1180,Male
388,Fleurette Lawlor,Russia,1647,Female
389,Marguerite Wake,Russia,1640,Female
390,Theodosia Ekell,China,2401,Female
391,Damien Witton,China,1235,Male
392,Fletcher Rathborne,New Zealand,2182,Male
393,Sax Adshead,Poland,1381,Male
394,Chilton Nutman,Poland,1109,Male
395,Antone Worsalls,Thailand,1607,Male
396,Rosene Jakeway,Argentina,1822,Female
397,Guy Pirson,Netherlands,1990,Male
398,Tod Simenel,Russia,1985,Male
399,Sean Preist,Netherlands,1223,Male
400,Guss Duprey,China,1219,Male
401,Mavis Ivison,China,2242,Female
402,Sher Annon,Indonesia,2148,Female
403,Frederico Stainland,Poland,1019,Male
404,Steve Feldon,Russia,1397,Male
405,Zacharie Sandercroft,Panama,1634,Male
406,Althea Garstan,Comoros,1540,Female
407,Claudetta Yeldon,China,1629,Female
408,Tedra Dellenbrok,France,2444,Female
409,Nicolas Dearden,China,1851,Male
410,Rani Allery,Colombia,2122,Female
411,Nicole Armatage,Chad,2388,Female
412,Ursola Auchterlonie,Brazil,1685,Female
413,Lesly Biernat,China,2259,Female
414,Randy Hazlegrove,Russia,2257,Female
415,Olly Foot,China,2490,Female
416,Fran Labbati,Russia,1068,Female
417,Wyn Markus,China,1156,Male
418,Stillmann Sweetmore,Indonesia,2090,Male
419,Harrietta Endecott,Brazil,1752,Female
420,Joan Mammatt,China,2327,Female
421,Dacey Parysiak,Portugal,1002,Female
422,Kevin Littlewood,Mexico,1023,Male
423,Bobby Portsmouth,China,2111,Male
424,Aguste Hearse,Guatemala,1743,Male
425,Emmy Tartt,Norway,1493,Female
426,Randee Dimitriev,Poland,1856,Female
427,Stella Axtell,China,1627,Female
428,Paule Espinheira,Slovenia,1667,Female
429,Lexy Packe,Canada,2130,Female
430,Morton Skedge,Indonesia,1738,Male
431,Brocky Mcwhinney,Dominican Republic,2252,Male
432,Neel Cullotey,China,1572,Male
433,Dev Riedel,France,1649,Male
434,Balduin Wheelhouse,Germany,1914,Male
435,Marty Skeemer,Sweden,2193,Female
436,Daisie Roast,Colombia,1189,Female
437,Tannie Snowden,France,1644,Male
438,Robbin Klulisek,Indonesia,1450,Female
439,Gibb Bofield,China,1926,Male
440,Cherie Jurgenson,Indonesia,1151,Female
441,Henrik Laskey,Costa Rica,2301,Male
442,Denver Trask,China,1742,Male
443,Edward Futty,China,1429,Male
444,Luis Juliano,Indonesia,1010,Male
445,Bertine Barajas,Israel,1804,Female
446,Carl Perrot,Ukraine,1553,Male
447,Gabbie Deveral,Czech Republic,1514,Male
448,Flore Zanni,Finland,1148,Female
449,Dee Paumier,Venezuela,2330,Female
450,Gottfried Martine,American Samoa,1957,Male
451,Liam Durand,Indonesia,2144,Male
452,Cobbie Aleksankov,Philippines,1585,Male
453,Hatty Samwyse,China,1655,Female
454,Piotr Collier,Indonesia,1978,Male
455,Nahum Borer,Thailand,2127,Male
456,Garrott Capner,Mexico,1523,Male
457,Elsy Ecles,France,1810,Female
458,Janina Parlot,United States,1035,Female
459,Mathian O' Concannon,Poland,2206,Male
460,Amble Plaskett,Brazil,1298,Male
461,Viv Regnard,Russia,1383,Female
462,Tania Caldera,Portugal,2410,Female
463,Shanon Rouchy,Russia,2149,Female
464,Gale Wathen,China,1624,Male
465,Sean Petroselli,France,1728,Male
466,Happy Pleuman,China,2196,Female
467,Pris Lawson,Canada,1038,Female
468,Paddie Duffield,Indonesia,2050,Male
469,Dehlia Husselbee,China,1585,Female
470,Rollin Bolmann,Philippines,1615,Male
471,Alyosha Kopke,Japan,1224,Male
472,Berri Shakesbye,Ukraine,1528,Female
473,Carolin Pelerin,China,1904,Female
474,Teresina Dax,United States,2340,Female
475,Brana MacLleese,Colombia,1771,Female
476,Stormy Cronin,China,2118,Female
477,Linzy Sirmond,Ukraine,1262,Female
478,Sarah Brumfitt,United States,1527,Female
479,Wolfgang Giamelli,Czech Republic,1168,Male
480,Modestia Beldom,China,1858,Female
481,Fran Szymonwicz,Russia,2132,Female
482,Marina Puvia,Russia,1530,Female
483,Sascha Ebbutt,France,1051,Male
484,Murray Skelington,Sierra Leone,1438,Male
485,Eben Trubshawe,Russia,1539,Male
486,Liana Hedgecock,France,2083,Female
487,Marilyn Heaton,China,1577,Female
488,Ibrahim Hullyer,Malawi,1754,Male
489,Jackie Saterthwait,Japan,2201,Female
490,Ailyn Rhys,Brazil,2494,Female
491,Cammi Olivet,Brazil,1110,Female
492,Vassili Janout,China,2363,Male
493,Beth Wilsher,China,2173,Female
494,Jeralee Bouts,China,1364,Female
495,Amargo Cage,China,1800,Female
496,Jeramey Stirley,Portugal,1041,Male
497,Marna Ferrarotti,Portugal,1765,Female
498,Renie Baum,Mexico,1610,Female
499,Barb Freda,Madagascar,1626,Female
500,Gladys Twining,Indonesia,2403,Female
501,Cleveland Mullally,Portugal,2373,Male
502,Annis Sangra,Philippines,1727,Female
503,Leigh Kelby,Iran,2222,Male
504,Augie Eplett,Colombia,1412,Male
505,Earlie Newvell,Russia,1303,Male
506,Ulric Trotton,Argentina,2105,Male
507,Ike Konig,Vietnam,2112,Male
508,Mateo MacDonnell,Vietnam,1583,Male
509,Sydelle Attwool,Russia,2488,Female
510,Emmanuel Rook,China,2373,Male
511,Hewie Kelloway,China,2440,Male
512,Ritchie Eydel,Peru,2263,Male
513,Marcela Twinterman,China,2288,Female
514,Clemente Swalowe,Indonesia,2193,Male
515,Osborn Iacovelli,Burkina Faso,1556,Male
516,Nealson Kochl,Indonesia,1165,Male
517,Rik McDougald,China,1280,Male
518,Sydel Nussii,France,2173,Female
519,Myrtice McVee,Pakistan,1435,Female
520,Trev Sperling,Philippines,1077,Male
521,Ulrika Licquorish,Mexico,1528,Female
522,Zitella Cholonin,Kazakhstan,1637,Female
523,Matelda Crane,Honduras,1026,Female
524,Udell Loades,Indonesia,2034,Male
525,Izaak Abry,Russia,2174,Male
526,Meghann Dugald,Ukraine,1251,Female
527,Ash Eddis,China,1268,Male
528,Angeli Kyffin,Russia,1092,Male
529,Farly Tomaskunas,China,2439,Male
530,Jayson Beckson,China,2468,Male
531,Dillie Denney,Russia,1674,Male
532,Fairfax Yerrington,Portugal,1637,Male
533,Garreth Grivori,Argentina,1085,Male
534,Lonnie Swindell,Russia,1180,Female
535,Nydia Bannerman,Vietnam,1537,Female
536,Lyle Shotboulte,Russia,1620,Male
537,Myrtice Wash,Democratic Republic of the Congo,2377,Female
538,Genia Aleshintsev,France,2410,Female
539,Sharon Goulden,China,1000,Female
540,Phelia Stanway,Portugal,1599,Female
541,Rubi Ryce,Philippines,1044,Female
542,Franklyn McFetrich,France,2350,Male
543,Hewitt Mioni,Indonesia,1976,Male
544,Niki Leighton,Brazil,2445,Female
545,Mack Andrich,China,1762,Male
546,Brittney Nesbitt,France,1211,Female
547,Henrik Feldhorn,China,1286,Male
548,Gabie Kemshell,France,1469,Female
549,Frederik Tague,China,1877,Male
550,Fara Birtwell,Greece,1571,Female
551,Ellie Rupke,Honduras,1670,Female
552,Maryjane Stuther,Indonesia,2161,Female
553,Erin Samsworth,China,1780,Female
554,Percy Gutridge,China,2041,Male
555,Ryley Pele,Indonesia,2103,Male
556,Gian Brehault,Honduras,1142,Male
557,Bee Boat,Vietnam,2274,Female
558,Wendel Hourahan,China,1750,Male
559,Winnie Taplow,China,1958,Female
560,Lexis Rawlin,Uzbekistan,2451,Female
561,Douglas Conradie,Philippines,1249,Male
562,Montgomery Houliston,Albania,1318,Male
563,Drake MacNucator,Colombia,1333,Male
564,Mahalia Hamlyn,Greece,1340,Female
565,Valentino Guyonnet,United States,1267,Male
566,Guthrey Ambrosio,Norway,1932,Male
567,Mireielle Fulford,Czech Republic,1413,Female
568,Camille Frangello,Ukraine,2475,Female
569,Gweneth Larvent,Ukraine,2022,Female
570,Hobard Davet,Brazil,1259,Male
571,Desiri Haliday,France,1365,Female
572,Malachi Kennelly,Pakistan,1452,Male
573,Brandtr Tolomei,China,1349,Male
574,Chiquita McGenn,Afghanistan,1941,Female
575,Gardy Gontier,Portugal,2242,Male
576,Yevette Grishukhin,Nigeria,1271,Female
577,Palmer Delleschi,China,1024,Male
578,Scottie Stirling,Guatemala,2463,Male
579,Mace Scutt,China,1435,Male
580,Woodman Collen,China,1564,Male
581,Way Skarman,China,1178,Male
582,Wanids Barendtsen,Philippines,1391,Female
583,Di Le Moucheux,China,1311,Female
584,Antoni Rocca,Argentina,2483,Male
585,Carlin Spilsted,China,2056,Female
586,Rob Harler,Poland,2160,Male
587,Karolina Walworth,Indonesia,1314,Female
588,Melodee Whitcomb,Kenya,1783,Female
589,Aaron O'Loughane,Guam,1872,Male
590,Kellen McSpirron,Indonesia,1701,Male
591,Tessa Badger,Poland,2393,Female
592,Shalom Barratt,Russia,1614,Male
593,Kelsey Toffler,China,1004,Female
594,Wendall Aickin,Japan,2208,Male
595,Bianca Arnley,Vietnam,1510,Female
596,Arte Trenbay,China,1820,Male
597,Gery Yorke,Russia,2012,Male
598,Gaston Browell,Indonesia,1196,Male
599,Noll Luc,Slovenia,1146,Male
600,Arron Letchmore,Japan,1721,Male
601,Aurthur Gammet,China,1459,Male
602,Kevin Gordge,China,1617,Male
603,Cosette Caffery,Malaysia,2082,Female
604,Doyle Alti,Poland,2493,Male
605,Diane Thandi,China,1156,Female
606,Richmond Blethyn,Tanzania,1745,Male
607,Rip O'Shiel,Portugal,2482,Male
608,Katrinka Loadman,China,1235,Female
609,Andrej Androck,Malaysia,2218,Male
610,Cam Foyster,Oman,2368,Female
611,Odetta Wildash,China,1878,Female
612,Miof mela Cruces,Bosnia and Herzegovina,2001,Female
613,George Levings,Brazil,1289,Male
614,Taddeusz Schroter,Japan,2234,Male
615,Anabal Everard,Nigeria,2023,Female
616,Aileen Straughan,Portugal,1110,Female
617,Lucretia Lovitt,France,2132,Female
618,Robert McRinn,Indonesia,1329,Male
619,Goldi Piele,China,2083,Female
620,Brander Fulkes,Israel,1985,Male
621,Scotti Forgie,China,1009,Male
622,Fayette Ratie,Sweden,1247,Female
623,Dolley Pedrazzi,Canada,1301,Female
624,Putnem McQuie,China,2377,Male
625,Gerrilee Dobbison,China,2118,Female
626,Rayner Taylder,Brazil,2477,Male
627,Garey Solley,Canada,1129,Male
628,James Leheude,Nigeria,1833,Male
629,Marielle McNess,Poland,2394,Female
630,Evan Buxsey,Philippines,1245,Male
631,Kiley Voisey,Cuba,1857,Male
632,Carolann Cona,Malaysia,1989,Female
633,Dianne Foard,Brazil,2206,Female
634,Blaire Rottger,China,1050,Female
635,Cordie Rickeard,China,2249,Male
636,Doll Behnen,Philippines,1405,Female
637,Ingaberg Fildes,China,1942,Female
638,Tod MacKereth,Bolivia,2393,Male
639,Lilian Igo,China,2419,Female
640,Darin Pashenkov,Spain,1874,Male
641,Ginevra Burgane,Portugal,2042,Female
642,Klement Siflet,Haiti,1383,Male
643,Donnamarie Tilmouth,Serbia,2388,Female
644,Eddi Linstead,China,1073,Female
645,Orv Baldin,China,2495,Male
646,Dulci Jaskiewicz,China,1500,Female
647,Arlene Cottem,Sweden,1914,Female
648,Odilia Zeplin,Bahrain,1567,Female
649,Odo Dowman,Argentina,1034,Male
650,Jenny Cotter,Sri Lanka,1721,Female
651,Vyky Berling,Brazil,2328,Female
652,Madeleine Gaffey,Nigeria,1776,Female
653,Royce Pomery,Cameroon,2222,Male
654,Berget Gaskins,Jordan,1369,Female
655,Gilbertina Peakman,Indonesia,1277,Female
656,Johann Ventam,Portugal,1058,Male
657,Douglass Lidierth,China,1510,Male
658,Hugo Crangle,Brazil,1241,Male
659,Lebbie Strickett,France,1413,Female
660,Crissie People,China,2272,Female
661,Nealon Jancik,Indonesia,2117,Male
662,Marcus Muffen,Brazil,1997,Male
663,Elfie Bannester,France,1138,Female
664,Kameko Bremeyer,Albania,1195,Female
665,Giuseppe Philippart,Costa Rica,2285,Male
666,Ringo Simpson,China,1773,Male
667,Kennie Lembke,Russia,1442,Male
668,Felix Roughan,Brazil,1610,Male
669,Davy Medina,Czech Republic,1122,Male
670,Hurleigh Cornils,Brazil,2099,Male
671,Gunner Reubel,Norway,1964,Male
672,Rawley Ferrelli,Sweden,1660,Male
673,Margarethe Gurney,France,1438,Female
674,Raphaela McClean,Brazil,2104,Female
675,Horacio Rennels,Russia,2156,Male
676,Hastings Grist,Ukraine,2253,Male
677,Sheela Pesic,Philippines,1980,Female
678,Parker Norville,Indonesia,1892,Male
679,Lyndsie Tourle,Sweden,1981,Female
680,Meggi Hoyer,Canada,1471,Female
681,Meredeth Pitbladdo,Belarus,2377,Male
682,Isidore Meeks,Indonesia,1213,Male
683,Antonie Roggers,Sweden,2439,Female
684,Marvin Greenroa,Japan,1799,Male
685,Adriane Manchett,Indonesia,1933,Female
686,Woodie Nesey,Finland,1342,Male
687,Tami Annett,Costa Rica,1355,Female
688,Clarissa Shelbourne,Brazil,1992,Female
689,Aurel Main,China,1627,Female
690,Garvin Ince,Uzbekistan,1551,Male
691,Olga Cracknell,Indonesia,1544,Female
692,Lyndsay Petrosian,Poland,1078,Female
693,Marylynne Sargant,China,1322,Female
694,Rozalie Goaley,Russia,1992,Female
695,Tommi Oles,Morocco,1247,Female
696,Sheila-kathryn Shiel,Indonesia,1884,Female
697,Cathe Gallihawk,Brazil,1980,Female
698,Ailene Cridlin,Paraguay,1598,Female
699,Fax Endrici,Poland,1696,Male
700,Batholomew Ivakhin,Indonesia,1753,Male
701,Garrek Croose,China,1618,Male
702,Eilis Bauman,Indonesia,1829,Female
703,Rowe Erwin,Philippines,1396,Female
704,Cammie Waddilow,China,2093,Female
705,Selena Ritchard,Russia,1792,Female
706,Adolf Pentin,Russia,1151,Male
707,Korey Sparshutt,Indonesia,1093,Male
708,Renard Gorghetto,Chile,1045,Male
709,Karlee Gretham,China,1384,Female
710,Karen Giacobini,Uganda,2070,Female
711,Sibelle Axston,Greece,1804,Female
712,Marj Maving,Greece,2377,Female
713,Sumner Bunting,China,1406,Male
714,Kim Grigson,Philippines,2343,Male
715,Trixy Brito,Sweden,2255,Female
716,Lori Fausset,Portugal,1565,Female
717,Harwilll Peckitt,France,1877,Male
718,Sibelle Stedson,Yemen,1970,Female
719,Gilda Cocker,Poland,2375,Female
720,Carolee Kopfen,Mongolia,1764,Female
721,Ludvig Jeffryes,Ivory Coast,1064,Male
722,Kyrstin Joly,Yemen,1751,Female
723,Agata Castiglione,France,1343,Female
724,Des De Cruce,Egypt,2068,Male
725,Thorin Giovanazzi,France,1749,Male
726,Gerta Rushworth,United States,2060,Female
727,Garner Sprigings,Peru,2279,Male
728,Deeyn O'Cahey,United States,1713,Female
729,Corbin Myner,Indonesia,1937,Male
730,Kelsi Franssen,Russia,2310,Female
731,Constantine Fulbrook,Mongolia,1356,Male
732,Carlene Buer,Indonesia,2105,Female
733,Leonelle Delahunt,Palestinian Territory,1076,Female
734,Moll Dryburgh,Philippines,1650,Female
735,Andy Guiraud,Japan,1023,Male
736,Tobit Boundy,Colombia,2425,Male
737,Hilario Guttridge,Philippines,1313,Male
738,Shannen Muscat,China,2221,Female
739,Cozmo Fishpoole,Philippines,2337,Male
740,Sebastiano Shew,Vietnam,2404,Male
741,Osborne Sharp,Tanzania,2072,Male
742,Serena Humpherson,Kenya,1601,Female
743,Lula Blakebrough,Indonesia,1060,Female
744,Julia Bastone,China,1742,Female
745,Killian Laughlin,Netherlands,1341,Male
746,Nikolaus Shutle,Brazil,1955,Male
747,Jacquie Laycock,United States,1147,Female
748,Jillane Arnopp,Malaysia,1750,Female
749,Arne Tees,France,1708,Male
750,Alethea Fathers,China,1222,Female
751,Pryce Hicks,Portugal,1416,Male
752,Trey Fosdike,China,2406,Male
753,Fredrick McGrann,China,1050,Male
754,Ilse Yerborn,Belize,1610,Female
755,Herc Kiddie,Japan,1401,Male
756,Norma Tripe,Slovenia,1571,Female
757,Abbot Marley,China,1067,Male
758,Tris De Hoogh,Indonesia,2248,Male
759,Lynelle Huerta,Indonesia,2441,Female
760,Yuma Eckels,Serbia,2258,Male
761,Caterina Tremellan,Russia,1557,Female
762,Winnie Handling,Brazil,1991,Female
763,Brok Jozsika,China,2344,Male
764,Sarah Lokier,Colombia,1334,Female
765,Hugo Sodeau,Indonesia,2184,Male
766,Joshuah Cornelissen,Guatemala,1230,Male
767,Major Amburgy,El Salvador,1202,Male
768,Boniface Cribbott,China,2477,Male
769,Bianca Lednor,China,1496,Female
770,Gordan Kevis,Afghanistan,1514,Male
771,Base Galey,Poland,1168,Male
772,Pauline Kelsey,China,1276,Female
773,Jenni Duquesnay,China,1318,Female
774,Isidora Killshaw,Ecuador,2135,Female
775,Marieann Kubanek,Philippines,1996,Female
776,Ernst Regler,Costa Rica,2441,Male
777,Lisle Routham,Brazil,1473,Male
778,Enid Haysey,China,1893,Female
779,Kinny Pavlenko,Azerbaijan,1023,Male
780,Sander Speeks,Honduras,2314,Male
781,Teador McKinnon,Czech Republic,1862,Male
782,Allayne Oldcroft,China,2289,Male
783,Vonni Bagnal,France,2383,Female
784,Gigi Wrought,Honduras,1733,Female
785,Corbie Darnody,Russia,1882,Male
786,Ryann Pidwell,France,1837,Female
787,Dawn West-Frimley,China,2373,Female
788,Tova Budgett,Portugal,1685,Female
789,Weston Robson,Russia,1006,Male
790,Elana Bigrigg,Finland,1222,Female
791,Arlyn Ridsdale,Indonesia,2458,Female
792,Maurits Ryott,Papua New Guinea,1183,Male
793,Frederic Ramel,Russia,1580,Male
794,Julietta Pirri,Paraguay,2313,Female
795,Sullivan Polkinghorne,Brazil,1931,Male
796,Clemente Glazzard,Czech Republic,1327,Male
797,Henry Hatchard,Czech Republic,1040,Male
798,Celeste Cronkshaw,China,2102,Female
799,Dalia MacCague,Croatia,1092,Female
800,Olympie Alen,China,2277,Female
801,Haywood Zmitrovich,Saudi Arabia,1807,Male
802,Bonnibelle Enocksson,Luxembourg,1885,Female
803,Saul Dubble,Palestinian Territory,2087,Male
804,Minta Learned,Thailand,1824,Female
805,Horatia Jardine,Poland,1455,Female
806,Malory Detoc,Indonesia,1045,Female
807,Shawn O'Farris,China,1820,Male
808,Lura Shanahan,China,2397,Female
809,Powell Lethby,Portugal,1058,Male
810,Del Behr,Russia,1745,Female
811,Symon Dufoure,Indonesia,1184,Male
812,Perri Emmines,Kenya,2167,Female
813,Cami Bryant,Tajikistan,2392,Female
814,Patrizio Jaffrey,Poland,1654,Male
815,Hertha Whitrod,Colombia,1190,Female
816,Lombard Giamuzzo,China,1895,Male
817,Tony Bean,Czech Republic,1160,Female
818,Meggi Giacomozzo,Russia,1696,Female
819,Addison Pedler,Indonesia,1738,Male
820,Heidie Meakin,China,2265,Female
821,Willyt Wincott,China,2176,Female
822,Dudley Pfeifer,China,1928,Male
823,Jarrad Latan,Nigeria,2242,Male
824,Marthe Towsie,Sweden,1179,Female
825,Marcela Gladeche,Indonesia,2295,Female
826,Delila Tiernan,Philippines,1129,Female
827,Dasya Shackell,Costa Rica,2404,Female
828,Dominick Tiffany,Japan,1555,Male
829,Tadio Letterese,Indonesia,1482,Male
830,Jereme Goodridge,China,1253,Male
831,Leslie Chesley,Bulgaria,1782,Female
832,Pietro Seleway,Russia,1016,Male
833,Pattin Sandy,Poland,1082,Male
834,Clarence Guyonnet,China,1744,Male
835,Salvatore Bomfield,Canada,1387,Male
836,Loree Dobrowlski,Thailand,2398,Female
837,Ellerey Estoile,Russia,1139,Male
838,Catherin Heinig,Mongolia,1111,Female
839,Pierette Dawidman,Iran,1805,Female
840,Glyn Flewan,China,2101,Male
841,Nelly Oakley,Portugal,2296,Female
842,Benjy Redit,Poland,1192,Male
843,Jarret Davenhill,China,1548,Male
844,Brittaney Scroggins,China,2027,Female
845,Oralla MacIllrick,China,2323,Female
846,Merry Croxall,Slovenia,2126,Male
847,Sterne Di Carlo,Netherlands,1187,Male
848,Otes Hamshere,Brazil,1010,Male
849,Almeria Poag,Philippines,1812,Female
850,Currie Growy,Morocco,1100,Male
851,Janka Gumm,Poland,1934,Female
852,Meghann Upcraft,China,2097,Female
853,Ofella Folonin,Czech Republic,1575,Female
854,Berne Lathe,Portugal,2098,Male
855,Malvin Pindar,Thailand,1105,Male
856,Dillon Tivenan,Dominican Republic,1671,Male
857,Marchelle Adin,Bosnia and Herzegovina,1523,Female
858,Hetti Duling,Indonesia,1084,Female
859,Mallory Gerrill,Germany,2312,Male
860,Zed Mulbery,Sweden,2419,Male
861,Masha Sicily,Mexico,1669,Female
862,Daveta Edmead,Venezuela,1982,Female
863,Kiele Fealey,Czech Republic,1773,Female
864,Maureene Hubberstey,Albania,1405,Female
865,Korrie Dickin,Myanmar,1216,Female
866,Ansley Barbisch,Philippines,1938,Female
867,Reinold Etherson,China,2000,Male
868,Sax Fawdrey,China,1685,Male
869,Goraud Wardingley,Philippines,2200,Male
870,Brandi Nester,Indonesia,1844,Female
871,Herbert Posten,Montenegro,2490,Male
872,Kylie Mollindinia,China,2095,Male
873,Jacenta Duesberry,Indonesia,1951,Female
874,Ellary Mucci,Poland,2090,Male
875,Gasparo Izzat,China,1438,Male
876,Vannie Wildish,Portugal,2347,Female
877,Swen Warrior,Hungary,1450,Male
878,Martelle Normanvill,Czech Republic,1643,Female
879,Babbie Wimms,Indonesia,1577,Female
880,Merola Arnoult,Mexico,1766,Female
881,Phillipe Andresser,Yemen,1991,Male
882,Zed Janik,China,2314,Male
883,Andrei Stovell,France,1046,Female
884,Rochelle Pickance,Russia,1839,Female
885,Inglis McGaugie,Portugal,1698,Male
886,Kenneth Manicom,Niger,2036,Male
887,Lynette Long,Ukraine,2034,Female
888,Gael Biles,Philippines,2433,Male
889,Modesty Lambillion,Bolivia,1654,Female
890,Wilmar MacMeeking,Indonesia,2479,Male
891,Read Deniseau,China,1720,Male
892,Rock Clohessy,China,1936,Male
893,Malorie Bawle,Ukraine,2308,Female
894,Reggis Outright,China,2197,Male
895,Bartram Girardeau,Philippines,1741,Male
896,Reba Eppson,Ukraine,2007,Female
897,Tobey Bishell,France,1569,Female
898,Patric Hubber,United States,1756,Male
899,Ondrea Minghetti,France,1627,Female
900,Megen Teodori,Hungary,1756,Female
901,Travus Astles,Peru,1931,Male
902,Elsworth Whittaker,China,2066,Male
903,Rozelle Gagin,Thailand,2419,Female
904,Benjamin Battrum,China,1677,Male
905,Shandeigh Keating,Philippines,1057,Female
906,Allard Itzkovitch,Madagascar,1172,Male
907,Jayson Jellicorse,Russia,1888,Male
908,Millard Gourlie,China,2030,Male
909,Kerrill Thunnerclef,Mongolia,1629,Female
910,Alfonse Crangle,United Kingdom,2471,Male
911,Rubina Turpey,Argentina,2338,Female
912,Candi Broinlich,China,2491,Female
913,Betty Whimpenny,China,1964,Female
914,Skippy Wolver,Russia,2140,Male
915,Saul Skynner,Indonesia,1287,Male
916,Rafaello Jenson,Tanzania,1900,Male
917,Korella Bohlmann,Venezuela,2217,Female
918,Vassili Misken,Philippines,1712,Male
919,Andra Gibbon,Luxembourg,2005,Female
920,Matthias Pietruszka,Portugal,1033,Male
921,Brianne Peres,China,2269,Female
922,Sheeree McCullouch,Yemen,1226,Female
923,Anthea Aggett,Indonesia,1979,Female
924,Patin Bolesma,Thailand,1363,Male
925,Constancy Howgill,Philippines,1740,Female
926,Igor Drust,Russia,2145,Male
927,Angy Ballsdon,Nigeria,1978,Female
928,Caleb Bowskill,Ukraine,1934,Male
929,Norbie Parratt,China,1739,Male
930,Hoebart Romanski,Sweden,1162,Male
931,Ree Saul,Iran,2433,Female
932,Salvador Whotton,Philippines,1812,Male
933,Orella Gratton,Egypt,1534,Female
934,Kevina Gaffey,Iran,1470,Female
935,Mile Primarolo,China,2463,Male
936,Kaylyn Jaqueme,Poland,1772,Female
937,Wesley Leroy,China,2181,Male
938,Milton Wimms,Canada,2479,Male
939,Ollie Garnsworth,China,2033,Female
940,Roxi Layzell,Brazil,2368,Female
941,Berne Megroff,Indonesia,1003,Male
942,Thibaut Skillitt,Hungary,1270,Male
943,Renata Matten,Costa Rica,2216,Female
944,Horten McSaul,Indonesia,1770,Male
945,Silvan McComas,Poland,1925,Male
946,Julian Brinklow,Palestinian Territory,2068,Male
947,Nicolle Mines,Philippines,1590,Female
948,Dorris Battey,Botswana,1210,Female
949,Eben Mulleary,China,1865,Male
950,Jameson Heatlie,China,2353,Male
951,Welsh Collomosse,South Korea,1801,Male
952,Linc Simic,China,2012,Male
953,Sayer Aizik,Portugal,1641,Male
954,Yetty Moseby,China,1479,Female
955,Christie Bythell,Lebanon,1655,Male
956,Nehemiah Lumox,Philippines,1499,Male
957,Bibbie Emanuelov,Indonesia,2453,Female
958,Gustave McDonogh,Indonesia,1658,Male
959,Marley Gingle,Tunisia,1036,Female
960,Nanny Rand,Sweden,2287,Female
961,Janice Wilkison,Russia,2241,Female
962,Gerik Sheircliffe,Greece,1330,Male
963,Siusan Brandon,Tanzania,1249,Female
964,Miller Patel,Russia,1403,Male
965,Clementius MacLise,Democratic Republic of the Congo,1336,Male
966,Burt Marchbank,Indonesia,2039,Male
967,Steven Robard,Russia,2310,Male
968,Patin Falls,Indonesia,1417,Male
969,Jacky Hein,Indonesia,1977,Male
970,Gardener Marshland,Lithuania,2081,Male
971,Pearline Simononsky,Thailand,1515,Female
972,Jackie Birdwhistle,Argentina,1654,Female
973,Valma Kuhn,Ukraine,2061,Female
974,Caesar Piaggia,Kuwait,1187,Male
975,Travers Insole,Ukraine,1742,Male
976,Silvanus Lakenden,China,1450,Male
977,Athena Grayson,Tunisia,1887,Female
978,Candida Antonchik,South Africa,2019,Female
979,Terrence Lordon,Russia,1054,Male
980,Denys Copson,Indonesia,1236,Female
981,Cullan Leborgne,Armenia,1464,Male
982,Morgan McAneny,Philippines,1676,Female
983,Anet Gurdon,China,1237,Female
984,Kienan Weekland,Peru,1033,Male
985,Alvin Radford,China,1972,Male
986,Blake Mews,Luxembourg,1285,Female
987,Benson Tonkin,China,1568,Male
988,Timi Loveless,Indonesia,1877,Female
989,Tallulah Benne,Portugal,1456,Female
990,Jerrome Iveagh,China,2139,Male
991,Sergei Pesak,Canada,1468,Male
992,Omar Dietsche,China,1089,Male
993,Ritchie Bluck,Burkina Faso,1914,Male
994,Drusie Jardein,Canada,1860,Female
995,Jackson Ajean,China,2326,Male
996,Julio Shattock,Guatemala,1394,Male
997,Rube Rivard,Chile,1220,Male
998,Ogdan Gillet,China,1177,Male
999,Matthaeus Howood,Philippines,1699,Male
1000,Beverie Lochran,Indonesia,1971,Female